Tanggal,Rainfall,RainLabel
2014-05-01,13.166936,1
2014-05-02,7.432803,1
2014-05-03,12.735054,1
2014-05-04,17.863253,1
2014-05-05,8.662185,0
2014-05-06,16.079472,1
2014-05-07,16.918041,1
2014-05-08,15.264426,1
2014-05-09,18.253796,1
2014-05-10,15.709978,1
2014-05-11,11.188275,0
2014-05-12,10.74098,0
2014-05-13,20.305399,1
2014-05-14,11.839523,0
2014-05-15,38.73787,1
2014-05-16,4.502566,0
2014-05-17,8.869484,0
2014-05-18,15.59747,1
2014-05-19,16.458548,1
2014-05-20,2.1814246,0
2014-05-21,21.072004,1
2014-05-22,5.24051,0
2014-05-23,13.666539,1
2014-05-24,7.2088947,0
2014-05-25,-10.025653,0
2014-05-26,13.732953,1
2014-05-27,29.748997,1
2014-05-28,7.7548623,0
2014-05-29,7.381712,0
2014-05-30,11.062396,0
2014-05-31,7.9575596,0
2014-06-01,24.898457,1
2014-06-02,15.325028,1
2014-06-03,9.861306,0
2014-06-04,17.660912,1
2014-06-05,19.470175,1
2014-06-06,22.220116,1
2014-06-07,-1.9596381,0
2014-06-08,1.3645155,0
2014-06-09,3.0420225,0
2014-06-10,3.550024,0
2014-06-11,4.729584,0
2014-06-12,11.552978,0
2014-06-13,6.617932,0
2014-06-14,14.607447,1
2014-06-15,10.803835,0
2014-06-16,2.9723823,0
2014-06-17,3.7187994,0
2014-06-18,6.803341,0
2014-06-19,28.568752,1
2014-06-20,8.868411,0
2014-06-21,5.7182646,0
2014-06-22,11.971588,0
2014-06-23,12.557161,1
2014-06-24,8.49265,0
2014-06-25,25.44253,1
2014-06-26,12.809049,1
2014-06-27,20.026943,1
2014-06-28,27.782259,1
2014-06-29,8.880854,0
2014-06-30,17.54603,0
2014-07-01,12.919165,0
2014-07-02,11.939518,0
2014-07-03,16.089828,1
2014-07-04,16.995022,1
2014-07-05,46.488884,1
2014-07-06,8.019016,1
2014-07-07,43.117573,1
2014-07-08,26.848074,1
2014-07-09,32.96862,1
2014-07-10,23.907463,1
2014-07-11,7.9312034,1
2014-07-12,6.436475,0
2014-07-13,22.803488,1
2014-07-14,13.1121,1
2014-07-15,15.386846,0
2014-07-16,11.938985,0
2014-07-17,9.724925,0
2014-07-18,8.7929735,0
2014-07-19,12.737337,1
2014-07-20,11.092945,1
2014-07-21,15.1547575,1
2014-07-22,11.039768,1
2014-07-23,13.026331,1
2014-07-24,7.566647,0
2014-07-25,17.00425,1
2014-07-26,14.069074,1
2014-07-27,18.40934,1
2014-07-28,3.6671712,0
2014-07-29,-1.5012286,0
2014-07-30,2.1019363,0
2014-07-31,22.884493,1
2014-08-01,47.48351,1
2014-08-02,16.997469,1
2014-08-03,6.4255643,0
2014-08-04,10.882299,1
2014-08-05,5.380192,0
2014-08-06,12.927938,1
2014-08-07,11.041494,0
2014-08-08,18.984163,1
2014-08-09,22.96134,1
2014-08-10,13.816221,0
2014-08-11,7.8914943,0
2014-08-12,23.750824,1
2014-08-13,29.816593,1
2014-08-14,21.544191,1
2014-08-15,26.245663,1
2014-08-16,13.634534,1
2014-08-17,14.940278,1
2014-08-18,14.090059,1
2014-08-19,34.855663,1
2014-08-20,14.456488,1
2014-08-21,17.731594,1
2014-08-22,22.747402,1
2014-08-23,2.9679694,0
2014-08-24,7.289302,1
2014-08-25,24.782173,1
2014-08-26,26.999176,1
2014-08-27,22.962366,1
2014-08-28,8.640296,0
2014-08-29,0.13862021,0
2014-08-30,0.55313265,0
2014-08-31,2.729151,0
2014-09-01,11.122704,1
2014-09-02,5.451892,0
2014-09-03,10.543256,0
2014-09-04,-4.0828767,0
2014-09-05,23.795467,1
2014-09-06,21.309238,1
2014-09-07,37.56131,1
2014-09-08,4.9431925,0
2014-09-09,5.5163054,0
2014-09-10,9.093076,0
2014-09-11,5.3092504,0
2014-09-12,6.1201453,0
2014-09-13,6.781109,0
2014-09-14,21.894855,1
2014-09-15,12.567997,1
2014-09-16,-4.4605174,0
2014-09-17,3.4983375,0
2014-09-18,3.675187,0
2014-09-19,-0.1520814,0
2014-09-20,20.30612,1
2014-09-21,20.912466,1
2014-09-22,1.6977534,0
2014-09-23,6.0787625,0
2014-09-24,17.398762,1
2014-09-25,16.605114,1
2014-09-26,37.377403,1
2014-09-27,8.461316,0
2014-09-28,10.21348,0
2014-09-29,14.141943,1
2014-09-30,38.682972,1
2014-10-01,24.296177,1
2014-10-02,10.68674,0
2014-10-03,29.711018,1
2014-10-04,-1.3802902,0
2014-10-05,38.057304,1
2014-10-06,19.518194,1
2014-10-07,7.1614304,0
2014-10-08,32.13382,1
2014-10-09,-1.1514809,0
2014-10-10,-4.155332,0
2014-10-11,7.9099627,0
2014-10-12,1.1424941,0
2014-10-13,15.916468,1
2014-10-14,11.777679,1
2014-10-15,18.463804,1
2014-10-16,10.994207,0
2014-10-17,3.062844,0
2014-10-18,19.668694,1
2014-10-19,17.760756,1
2014-10-20,14.476904,1
2014-10-21,3.3085334,0
2014-10-22,-1.226447,0
2014-10-23,12.828177,1
2014-10-24,15.601275,1
2014-10-25,26.069668,1
2014-10-26,12.071679,1
2014-10-27,14.791971,1
2014-10-28,20.393007,1
2014-10-29,8.019777,1
2014-10-30,12.785916,1
2014-10-31,7.3796897,0
2014-11-01,14.811536,1
2014-11-02,37.392628,1
2014-11-03,22.00269,1
2014-11-04,14.544321,1
2014-11-05,5.827601,0
2014-11-06,10.481156,0
2014-11-07,9.887531,0
2014-11-08,17.78421,1
2014-11-09,8.496213,0
2014-11-10,6.121437,0
2014-11-11,15.466515,0
2014-11-12,7.572869,0
2014-11-13,20.479286,1
2014-11-14,14.225054,0
2014-11-15,4.128168,0
2014-11-16,10.924984,1
2014-11-17,19.122892,1
2014-11-18,18.587952,1
2014-11-19,9.533877,0
2014-11-20,13.092698,0
2014-11-21,3.6625075,0
2014-11-22,19.464752,1
2014-11-23,16.342606,1
2014-11-24,17.719822,1
2014-11-25,19.684444,1
2014-11-26,25.940514,1
2014-11-27,44.57757,1
2014-11-28,0.9613611,0
2014-11-29,16.10518,1
2014-11-30,15.863143,1
2014-12-01,22.379726,1
2014-12-02,46.84796,1
2014-12-03,15.7624235,1
2014-12-04,9.285741,0
2014-12-05,11.542022,0
2014-12-06,-3.0962844,0
2014-12-07,-0.53369355,0
2014-12-08,4.874893,0
2014-12-09,20.732908,1
2014-12-10,10.777371,0
2014-12-11,24.842663,1
2014-12-12,8.627331,0
2014-12-13,8.748677,0
2014-12-14,43.327156,1
2014-12-15,3.5436366,0
2014-12-16,22.149725,1
2014-12-17,14.861262,1
2014-12-18,15.763996,1
2014-12-19,15.342208,0
2014-12-20,16.193666,1
2014-12-21,15.520296,1
2014-12-22,36.25669,1
2014-12-23,25.74441,1
2014-12-24,5.7806435,0
2014-12-25,9.86095,0
2014-12-26,44.023666,1
2014-12-27,15.84802,1
2014-12-28,14.854885,1
2014-12-29,4.8345065,0
2014-12-30,15.881194,1
2014-12-31,3.4947088,0
2015-01-01,20.829716,1
2015-01-02,1.9054868,0
2015-01-03,13.471844,0
2015-01-04,7.5407367,0
2015-01-05,8.28501,0
2015-01-06,9.132852,0
2015-01-07,17.839508,1
2015-01-08,5.461523,0
2015-01-09,24.914993,1
2015-01-10,41.57764,1
2015-01-11,23.571701,1
2015-01-12,-0.52168894,0
2015-01-13,0.03685366,0
2015-01-14,0.16160274,0
2015-01-15,30.564135,1
2015-01-16,7.6298776,1
2015-01-17,9.313285,0
2015-01-18,15.74374,0
2015-01-19,4.5808167,0
2015-01-20,-6.599189,0
2015-01-21,2.440307,0
2015-01-22,11.556183,1
2015-01-23,13.719594,1
2015-01-24,15.367922,1
2015-01-25,21.47602,1
2015-01-26,6.6541624,0
2015-01-27,10.397077,0
2015-01-28,32.823242,1
2015-01-29,5.461999,0
2015-01-30,13.7708,1
2015-01-31,19.980259,1
2015-02-01,10.616271,1
2015-02-02,7.1555986,0
2015-02-03,-1.6703813,0
2015-02-04,1.7983533,0
2015-02-05,3.6496685,0
2015-02-06,17.791288,1
2015-02-07,3.2958035,0
2015-02-08,4.146358,0
2015-02-09,-8.264733,0
2015-02-10,6.795533,0
2015-02-11,18.58092,1
2015-02-12,2.2786338,0
2015-02-13,-2.6090372,0
2015-02-14,-0.26159036,0
2015-02-15,8.903928,0
2015-02-16,8.107473,0
2015-02-17,17.81966,1
2015-02-18,15.306581,1
2015-02-19,50.09993,1
2015-02-20,-8.798335,0
2015-02-21,-8.642436,0
2015-02-22,-2.4071114,0
2015-02-23,6.004069,0
2015-02-24,2.7643974,0
2015-02-25,-0.56461173,0
2015-02-26,3.4969213,0
2015-02-27,10.813005,1
2015-02-28,9.280041,1
2015-03-01,25.930521,1
2015-03-02,15.051834,1
2015-03-03,-1.3046242,0
2015-03-04,17.275415,1
2015-03-05,13.276086,0
2015-03-06,13.165818,0
2015-03-07,5.9110827,0
2015-03-08,32.585682,1
2015-03-09,15.444712,1
2015-03-10,20.65582,1
2015-03-11,0.936438,0
2015-03-12,11.769906,1
2015-03-13,-14.832635,0
2015-03-14,-0.69830966,0
2015-03-15,2.4012043,0
2015-03-16,20.267927,1
2015-03-17,17.553894,1
2015-03-18,14.722802,1
2015-03-19,7.145225,1
2015-03-20,11.378373,1
2015-03-21,1.7192734,1
2015-03-22,6.092808,1
2015-03-23,7.8767715,1
2015-03-24,11.175966,0
2015-03-25,19.08803,0
2015-03-26,12.269459,0
2015-03-27,2.5127592,0
2015-03-28,-0.10872425,0
2015-03-29,2.3189569,0
2015-03-30,9.927895,0
2015-03-31,-1.1078248,0
2015-04-01,26.108393,1
2015-04-02,23.716045,1
2015-04-03,18.632032,1
2015-04-04,1.4683454,0
2015-04-05,10.010888,0
2015-04-06,20.812176,1
2015-04-07,5.5238724,0
2015-04-08,9.060664,0
2015-04-09,24.670513,1
2015-04-10,11.106921,0
2015-04-11,14.846441,1
2015-04-12,21.022345,1
2015-04-13,16.345488,1
2015-04-14,6.0635195,0
2015-04-15,15.073689,1
2015-04-16,11.203421,0
2015-04-17,16.853518,1
2015-04-18,12.084748,0
2015-04-19,14.338976,1
2015-04-20,13.002209,1
2015-04-21,2.9214084,0
2015-04-22,14.196811,1
2015-04-23,18.505829,1
2015-04-24,22.475971,1
2015-04-25,11.255338,0
2015-04-26,15.536371,1
2015-04-27,17.695862,1
2015-04-28,3.239332,0
2015-04-29,5.477536,0
2015-04-30,10.935592,0
2015-05-01,13.470984,0
2015-05-02,5.54326,0
2015-05-03,44.44609,1
2015-05-04,5.5786066,0
2015-05-05,3.916639,0
2015-05-06,4.305994,0
2015-05-07,1.9989593,0
2015-05-08,19.13403,1
2015-05-09,24.189411,1
2015-05-10,6.661964,0
2015-05-11,5.453503,0
2015-05-12,12.514619,0
2015-05-13,13.405305,0
2015-05-14,8.812941,0
2015-05-15,23.756824,1
2015-05-16,1.1604875,0
2015-05-17,9.549622,0
2015-05-18,3.8210826,0
2015-05-19,3.692106,0
2015-05-20,9.239147,0
2015-05-21,15.639303,1
2015-05-22,17.463425,1
2015-05-23,6.462137,0
2015-05-24,7.3108644,0
2015-05-25,6.7549253,0
2015-05-26,34.216347,1
2015-05-27,-1.271677,0
2015-05-28,3.050705,0
2015-05-29,1.6433976,0
2015-05-30,10.191442,0
2015-05-31,2.7469232,0
2015-06-01,22.425285,1
2015-06-02,9.546659,0
2015-06-03,15.504642,1
2015-06-04,1.5795927,0
2015-06-05,13.389645,1
2015-06-06,6.968786,0
2015-06-07,17.757986,1
2015-06-08,25.181547,1
2015-06-09,8.966625,0
2015-06-10,2.2236793,0
2015-06-11,11.295844,0
2015-06-12,25.562828,1
2015-06-13,10.621358,0
2015-06-14,5.205927,0
2015-06-15,14.81431,1
2015-06-16,18.513828,1
2015-06-17,17.83102,1
2015-06-18,8.460222,0
2015-06-19,-2.2120748,0
2015-06-20,5.199255,0
2015-06-21,3.911301,0
2015-06-22,3.224431,0
2015-06-23,3.4098763,0
2015-06-24,2.1387131,0
2015-06-25,1.3410697,0
2015-06-26,2.3958373,0
2015-06-27,9.388077,0
2015-06-28,-2.5120502,0
2015-06-29,8.218705,0
2015-06-30,-0.50657165,0
2015-07-01,-1.605128,0
2015-07-02,13.2077,1
2015-07-03,5.988042,0
2015-07-04,11.9831505,1
2015-07-05,10.709126,1
2015-07-06,7.7351933,0
2015-07-07,0.9964927,0
2015-07-08,12.244537,1
2015-07-09,11.732691,0
2015-07-10,-0.5763265,0
2015-07-11,11.346955,0
2015-07-12,6.0508265,0
2015-07-13,-0.85556984,0
2015-07-14,24.943573,1
2015-07-15,23.33836,1
2015-07-16,11.977732,1
2015-07-17,2.6053817,0
2015-07-18,2.0832083,0
2015-07-19,3.397229,0
2015-07-20,10.326101,0
2015-07-21,4.775665,0
2015-07-22,-0.97049326,0
2015-07-23,18.116735,1
2015-07-24,4.6251445,0
2015-07-25,4.9558325,0
2015-07-26,24.671337,1
2015-07-27,12.872305,0
2015-07-28,10.574993,0
2015-07-29,4.062714,0
2015-07-30,6.240572,0
2015-07-31,7.8624,0
2015-08-01,10.70091,0
2015-08-02,11.181104,0
2015-08-03,27.667046,1
2015-08-04,26.651787,1
2015-08-05,2.5557857,0
2015-08-06,10.963769,0
2015-08-07,7.96734,0
2015-08-08,21.335014,1
2015-08-09,23.610748,1
2015-08-10,3.6911104,0
2015-08-11,6.3911247,0
2015-08-12,23.362764,1
2015-08-13,9.926264,0
2015-08-14,12.281086,1
2015-08-15,11.476698,0
2015-08-16,3.6352453,0
2015-08-17,24.435837,1
2015-08-18,5.6104236,0
2015-08-19,7.102757,0
2015-08-20,13.204551,0
2015-08-21,10.56773,0
2015-08-22,9.623893,0
2015-08-23,10.44284,1
2015-08-24,10.903194,1
2015-08-25,24.869526,1
2015-08-26,11.040961,0
2015-08-27,16.595943,1
2015-08-28,11.911169,0
2015-08-29,1.1629392,0
2015-08-30,24.731487,1
2015-08-31,12.072853,1
2015-09-01,8.762704,0
2015-09-02,8.697516,0
2015-09-03,7.385261,0
2015-09-04,4.6741605,0
2015-09-05,12.178086,1
2015-09-06,32.951916,1
2015-09-07,2.7413924,0
2015-09-08,7.418144,0
2015-09-09,10.347477,0
2015-09-10,24.76769,1
2015-09-11,16.439949,0
2015-09-12,2.1964345,0
2015-09-13,14.501171,1
2015-09-14,19.380705,1
2015-09-15,11.627465,0
2015-09-16,9.465725,0
2015-09-17,11.113042,0
2015-09-18,28.099386,1
2015-09-19,1.6192809,0
2015-09-20,3.8072426,0
2015-09-21,30.885504,1
2015-09-22,23.32755,1
2015-09-23,22.946272,1
2015-09-24,25.10613,1
2015-09-25,7.5119247,0
2015-09-26,18.4504,1
2015-09-27,3.953969,0
2015-09-28,22.278017,1
2015-09-29,17.850845,1
2015-09-30,13.687549,0
2015-10-01,17.285336,1
2015-10-02,16.036186,1
2015-10-03,18.271126,1
2015-10-04,2.379571,0
2015-10-05,8.046973,0
2015-10-06,9.710579,0
2015-10-07,10.490743,0
2015-10-08,20.308638,1
2015-10-09,7.247706,0
2015-10-10,18.857523,1
2015-10-11,9.651174,0
2015-10-12,17.805784,1
2015-10-13,16.319056,1
2015-10-14,11.949128,0
2015-10-15,5.0407944,0
2015-10-16,10.070262,1
2015-10-17,17.487253,1
2015-10-18,16.592173,1
2015-10-19,6.819036,0
2015-10-20,21.01904,1
2015-10-21,9.620637,0
2015-10-22,9.02567,0
2015-10-23,8.819271,1
2015-10-24,11.231588,1
2015-10-25,17.090454,1
2015-10-26,6.990738,0
2015-10-27,0.79186606,0
2015-10-28,7.157274,0
2015-10-29,13.577938,1
2015-10-30,7.215572,0
2015-10-31,8.39417,0
2015-11-01,13.9636345,1
2015-11-02,14.343966,0
2015-11-03,12.378764,0
2015-11-04,26.088348,1
2015-11-05,14.119257,0
2015-11-06,20.161705,1
2015-11-07,18.143507,1
2015-11-08,14.28627,1
2015-11-09,9.4930105,0
2015-11-10,11.448806,0
2015-11-11,23.35353,1
2015-11-12,27.637302,1
2015-11-13,5.686188,0
2015-11-14,26.991129,1
2015-11-15,13.175752,1
2015-11-16,18.548403,1
2015-11-17,15.903854,1
2015-11-18,10.230712,0
2015-11-19,19.734537,1
2015-11-20,8.744232,0
2015-11-21,13.623564,1
2015-11-22,27.20057,1
2015-11-23,19.629135,1
2015-11-24,14.335862,1
2015-11-25,9.885419,1
2015-11-26,7.601386,1
2015-11-27,17.306215,1
2015-11-28,14.633345,1
2015-11-29,22.028362,1
2015-11-30,27.43892,1
2015-12-01,12.936283,0
2015-12-02,11.00291,0
2015-12-03,11.91779,1
2015-12-04,20.96781,1
2015-12-05,7.0598745,0
2015-12-06,15.032533,1
2015-12-07,15.7746105,1
2015-12-08,16.680338,1
2015-12-09,13.212015,0
2015-12-10,22.615906,1
2015-12-11,12.595648,1
2015-12-12,22.625189,1
2015-12-13,23.481178,1
2015-12-14,22.159313,1
2015-12-15,9.896616,1
2015-12-16,16.367287,1
2015-12-17,17.554594,1
2015-12-18,14.6147785,1
2015-12-19,17.039253,1
2015-12-20,22.560778,1
2015-12-21,7.403709,0
2015-12-22,5.589954,0
2015-12-23,12.556723,1
2015-12-24,11.227768,1
2015-12-25,6.1407213,0
2015-12-26,10.1147785,1
2015-12-27,9.650494,0
2015-12-28,4.0542316,0
2015-12-29,12.609143,0
2015-12-30,9.361665,0
2015-12-31,9.775371,0
2016-01-01,-2.842368,0
2016-01-02,7.5909934,0
2016-01-03,0.39212683,0
2016-01-04,2.3196585,0
2016-01-05,8.631007,0
2016-01-06,6.4955916,0
2016-01-07,9.928536,0
2016-01-08,17.75229,1
2016-01-09,6.204038,0
2016-01-10,13.851479,1
2016-01-11,18.403091,1
2016-01-12,18.269943,1
2016-01-13,15.757032,1
2016-01-14,4.6150246,0
2016-01-15,18.013557,1
2016-01-16,20.691736,1
2016-01-17,10.921487,1
2016-01-18,13.268786,1
2016-01-19,13.44078,1
2016-01-20,21.530556,1
2016-01-21,-2.087862,0
2016-01-22,3.0551603,0
2016-01-23,5.0799866,0
2016-01-24,9.737019,0
2016-01-25,-2.1931403,0
2016-01-26,-8.250762,0
2016-01-27,-9.18359,0
2016-01-28,-0.28285536,0
2016-01-29,30.767853,1
2016-01-30,18.140404,1
2016-01-31,15.406334,1
2016-02-01,15.32377,1
2016-02-02,6.1216483,0
2016-02-03,6.2715282,0
2016-02-04,9.128973,1
2016-02-05,-0.6929909,0
2016-02-06,14.116172,1
2016-02-07,43.797638,1
2016-02-08,29.174448,1
2016-02-09,6.638347,0
2016-02-10,6.1531014,0
2016-02-11,15.485098,0
2016-02-12,26.306667,1
2016-02-13,1.3682016,0
2016-02-14,-2.5594168,0
2016-02-15,0.35187423,0
2016-02-16,-5.674694,0
2016-02-17,-2.5324402,0
2016-02-18,-11.60153,0
2016-02-19,-6.7720466,0
2016-02-20,4.25595,0
2016-02-21,15.263408,1
2016-02-22,7.2284827,1
2016-02-23,1.079696,1
2016-02-24,1.027214,0
2016-02-25,2.8837953,0
2016-02-26,-4.7195187,0
2016-02-27,-9.284899,0
2016-02-28,-1.2972223,0
2016-02-29,5.206449,0
2016-03-01,-14.020332,0
2016-03-02,7.064744,0
2016-03-03,11.966576,1
2016-03-04,2.5370872,0
2016-03-05,-0.8441648,0
2016-03-06,5.2295775,1
2016-03-07,24.289679,1
2016-03-08,1.5646389,1
2016-03-09,23.677986,1
2016-03-10,13.284384,1
2016-03-11,13.073822,0
2016-03-12,16.906342,0
2016-03-13,23.686539,0
2016-03-14,10.803732,0
2016-03-15,21.20056,1
2016-03-16,27.020273,1
2016-03-17,5.6963687,1
2016-03-18,4.710475,1
2016-03-19,18.67666,1
2016-03-20,16.196602,1
2016-03-21,20.56227,1
2016-03-22,15.34217,0
2016-03-23,29.521017,1
2016-03-24,-3.5356982,0
2016-03-25,4.5149517,0
2016-03-26,8.470537,0
2016-03-27,6.284387,0
2016-03-28,5.265846,0
2016-03-29,4.538492,0
2016-03-30,3.2578976,0
2016-03-31,4.2356305,0
2016-04-01,15.886605,1
2016-04-02,10.384021,0
2016-04-03,10.499735,0
2016-04-04,2.2479174,0
2016-04-05,5.577504,0
2016-04-06,17.869293,1
2016-04-07,16.427935,1
2016-04-08,9.233418,0
2016-04-09,23.03369,1
2016-04-10,7.729881,0
2016-04-11,19.350918,1
2016-04-12,12.058633,1
2016-04-13,15.917346,1
2016-04-14,6.8204184,0
2016-04-15,5.87612,0
2016-04-16,6.6561737,0
2016-04-17,9.008888,0
2016-04-18,20.282116,1
2016-04-19,7.045865,0
2016-04-20,12.906228,0
2016-04-21,8.7321825,0
2016-04-22,5.9390535,0
2016-04-23,6.7100053,0
2016-04-24,5.1740084,0
2016-04-25,16.486061,1
2016-04-26,13.015573,0
2016-04-27,12.28294,0
2016-04-28,8.371346,0
2016-04-29,7.8873205,0
2016-04-30,20.639482,1
2016-05-01,19.227108,1
2016-05-02,18.921974,1
2016-05-03,16.165514,1
2016-05-04,9.919871,0
2016-05-05,9.228865,0
2016-05-06,25.717508,1
2016-05-07,11.009165,0
2016-05-08,8.312741,0
2016-05-09,13.363541,1
2016-05-10,6.9729595,0
2016-05-11,9.455546,0
2016-05-12,14.99653,1
2016-05-13,13.104342,0
2016-05-14,25.164816,1
2016-05-15,16.76161,1
2016-05-16,12.712345,0
2016-05-17,12.261061,0
2016-05-18,9.922953,0
2016-05-19,12.181428,0
2016-05-20,6.670627,0
2016-05-21,9.073151,0
2016-05-22,22.61631,1
2016-05-23,14.842962,1
2016-05-24,7.459387,0
2016-05-25,4.092377,0
2016-05-26,15.1563,1
2016-05-27,14.993967,1
2016-05-28,-1.1710365,0
2016-05-29,4.9629927,0
2016-05-30,19.778809,1
2016-05-31,10.097471,0
2016-06-01,1.0487987,0
2016-06-02,2.5380638,0
2016-06-03,15.815338,1
2016-06-04,0.12913951,0
2016-06-05,6.776851,0
2016-06-06,6.624531,0
2016-06-07,1.1632526,0
2016-06-08,7.82994,0
2016-06-09,9.339279,0
2016-06-10,3.9698174,0
2016-06-11,6.324395,0
2016-06-12,13.969603,1
2016-06-13,14.640666,1
2016-06-14,9.016908,0
2016-06-15,8.369588,0
2016-06-16,19.506502,1
2016-06-17,46.37452,1
2016-06-18,33.23706,1
2016-06-19,16.019165,1
2016-06-20,4.3201404,0
2016-06-21,16.341894,1
2016-06-22,16.464277,1
2016-06-23,12.011177,0
2016-06-24,11.10174,0
2016-06-25,25.23439,1
2016-06-26,8.744336,0
2016-06-27,4.3989787,0
2016-06-28,1.0572193,0
2016-06-29,8.469243,0
2016-06-30,9.865583,0
2016-07-01,1.0082165,0
2016-07-02,4.8841925,0
2016-07-03,-1.2985036,0
2016-07-04,-4.0699706,0
2016-07-05,-1.1751289,0
2016-07-06,2.2649388,0
2016-07-07,3.6339927,0
2016-07-08,1.5290557,0
2016-07-09,0.22006182,0
2016-07-10,6.776833,0
2016-07-11,7.064453,0
2016-07-12,11.686213,1
2016-07-13,5.3060346,0
2016-07-14,23.308323,1
2016-07-15,14.285205,1
2016-07-16,24.554054,1
2016-07-17,23.191145,1
2016-07-18,23.095148,1
2016-07-19,50.83084,1
2016-07-20,17.796806,1
2016-07-21,75.99562,1
2016-07-22,18.472466,1
2016-07-23,35.05374,1
2016-07-24,9.869106,0
2016-07-25,18.785105,1
2016-07-26,3.3555512,1
2016-07-27,-3.2714007,0
2016-07-28,-0.8915277,0
2016-07-29,3.7193382,0
2016-07-30,2.0439801,0
2016-07-31,13.55895,0
2016-08-01,11.9941435,0
2016-08-02,3.3552475,0
2016-08-03,0.5004312,0
2016-08-04,3.9993134,0
2016-08-05,19.217552,1
2016-08-06,4.796699,0
2016-08-07,7.3396764,0
2016-08-08,3.7489018,0
2016-08-09,6.8943214,0
2016-08-10,27.641779,1
2016-08-11,6.813515,0
2016-08-12,45.144527,1
2016-08-13,13.951117,1
2016-08-14,15.601707,0
2016-08-15,16.682735,1
2016-08-16,3.4101274,0
2016-08-17,3.6936917,0
2016-08-18,8.426315,0
2016-08-19,11.40378,0
2016-08-20,13.13401,1
2016-08-21,7.5995464,0
2016-08-22,7.4591303,0
2016-08-23,13.805432,1
2016-08-24,35.89431,1
2016-08-25,43.37499,1
2016-08-26,37.26062,1
2016-08-27,3.8913503,0
2016-08-28,5.838289,0
2016-08-29,4.043891,0
2016-08-30,17.705826,1
2016-08-31,9.386671,1
2016-09-01,4.4346304,0
2016-09-02,9.089551,0
2016-09-03,10.83031,0
2016-09-04,7.4482093,0
2016-09-05,18.561657,1
2016-09-06,17.286211,1
2016-09-07,19.434973,1
2016-09-08,31.896599,1
2016-09-09,15.221963,1
2016-09-10,4.6770177,0
2016-09-11,-3.3780308,0
2016-09-12,7.3126006,0
2016-09-13,19.113155,1
2016-09-14,3.5230074,0
2016-09-15,6.645338,0
2016-09-16,3.533493,0
2016-09-17,4.5756307,0
2016-09-18,9.988073,1
2016-09-19,7.0706124,1
2016-09-20,22.656172,1
2016-09-21,13.051566,1
2016-09-22,23.614561,1
2016-09-23,1.3926514,0
2016-09-24,3.9530299,0
2016-09-25,4.555521,0
2016-09-26,5.652363,0
2016-09-27,6.2173905,0
2016-09-28,9.930879,0
2016-09-29,6.1622114,0
2016-09-30,8.776227,1
2016-10-01,2.6200502,0
2016-10-02,7.8658867,0
2016-10-03,-3.1281066,0
2016-10-04,8.780592,0
2016-10-05,1.6376526,0
2016-10-06,18.988914,1
2016-10-07,12.833046,0
2016-10-08,50.867325,1
2016-10-09,7.8081455,0
2016-10-10,3.88119,0
2016-10-11,6.3972464,0
2016-10-12,16.287405,1
2016-10-13,20.127207,1
2016-10-14,25.779945,1
2016-10-15,25.137974,1
2016-10-16,30.455982,1
2016-10-17,42.763763,1
2016-10-18,20.564896,1
2016-10-19,6.70747,0
2016-10-20,21.227438,1
2016-10-21,5.1354713,0
2016-10-22,3.025483,0
2016-10-23,7.4969482,0
2016-10-24,5.392515,0
2016-10-25,18.533604,1
2016-10-26,8.476972,0
2016-10-27,5.1534142,0
2016-10-28,6.9587007,0
2016-10-29,20.549492,1
2016-10-30,33.86372,1
2016-10-31,37.049706,1
2016-11-01,5.7343493,0
2016-11-02,4.700932,0
2016-11-03,6.110078,0
2016-11-04,17.598156,1
2016-11-05,9.588474,1
2016-11-06,5.306384,0
2016-11-07,6.193032,0
2016-11-08,13.994208,1
2016-11-09,27.537941,1
2016-11-10,12.904265,0
2016-11-11,13.021349,1
2016-11-12,26.960718,1
2016-11-13,46.166748,1
2016-11-14,4.3586965,0
2016-11-15,31.587542,1
2016-11-16,25.490133,1
2016-11-17,16.309961,1
2016-11-18,2.5537102,0
2016-11-19,4.858387,0
2016-11-20,13.276938,1
2016-11-21,22.779402,1
2016-11-22,17.784945,1
2016-11-23,28.846203,1
2016-11-24,12.615443,1
2016-11-25,19.393263,1
2016-11-26,20.088207,1
2016-11-27,18.434822,1
2016-11-28,31.62627,1
2016-11-29,44.991817,1
2016-11-30,12.60139,1
2016-12-01,13.203967,0
2016-12-02,24.418415,1
2016-12-03,12.55821,1
2016-12-04,34.74672,1
2016-12-05,28.026253,1
2016-12-06,26.705887,1
2016-12-07,17.2603,1
2016-12-08,25.300901,1
2016-12-09,16.11624,1
2016-12-10,40.99231,1
2016-12-11,27.364077,1
2016-12-12,25.097616,1
2016-12-13,8.453153,1
2016-12-14,6.9789762,0
2016-12-15,9.10593,1
2016-12-16,13.719154,1
2016-12-17,19.37256,1
2016-12-18,11.38613,1
2016-12-19,15.907677,1
2016-12-20,8.31427,0
2016-12-21,14.063072,0
2016-12-22,5.213754,0
2016-12-23,16.74779,1
2016-12-24,33.49614,1
2016-12-25,20.966082,1
2016-12-26,2.0123067,0
2016-12-27,10.42852,0
2016-12-28,14.446369,0
2016-12-29,18.166687,0
2016-12-30,2.9284463,0
2016-12-31,16.908447,1
2017-01-01,10.721925,0
2017-01-02,21.23565,1
2017-01-03,13.884566,1
2017-01-04,28.216423,1
2017-01-05,30.773943,1
2017-01-06,32.737404,1
2017-01-07,26.431738,1
2017-01-08,39.595898,1
2017-01-09,5.912569,0
2017-01-10,7.872289,0
2017-01-11,2.1782272,0
2017-01-12,7.1949487,1
2017-01-13,18.504168,1
2017-01-14,14.530461,1
2017-01-15,13.890322,1
2017-01-16,6.608686,0
2017-01-17,12.582106,0
2017-01-18,10.842134,0
2017-01-19,7.889791,0
2017-01-20,6.9357147,0
2017-01-21,17.974186,1
2017-01-22,1.8479881,0
2017-01-23,41.176144,1
2017-01-24,54.633533,1
2017-01-25,17.717981,0
2017-01-26,18.654734,1
2017-01-27,0.19530489,0
2017-01-28,10.090547,1
2017-01-29,19.931715,1
2017-01-30,7.571079,1
2017-01-31,11.5126095,0
2017-02-01,17.503271,0
2017-02-02,12.3431015,0
2017-02-03,6.6954913,0
2017-02-04,9.139734,0
2017-02-05,9.293635,0
2017-02-06,7.49925,0
2017-02-07,7.3691916,0
2017-02-08,19.19191,1
2017-02-09,12.068117,0
2017-02-10,6.1853476,0
2017-02-11,2.1917555,0
2017-02-12,1.9463341,0
2017-02-13,2.7909572,0
2017-02-14,-0.9452153,0
2017-02-15,13.174047,1
2017-02-16,14.10182,1
2017-02-17,5.384508,0
2017-02-18,6.6089416,0
2017-02-19,13.155729,1
2017-02-20,11.778556,1
2017-02-21,41.993427,1
2017-02-22,11.526741,1
2017-02-23,19.83275,1
2017-02-24,34.609463,1
2017-02-25,10.618948,0
2017-02-26,10.775764,0
2017-02-27,21.68156,1
2017-02-28,25.70034,1
2017-03-01,38.90363,1
2017-03-02,10.754383,0
2017-03-03,23.396763,1
2017-03-04,12.455125,0
2017-03-05,6.8370934,0
2017-03-06,8.756379,0
2017-03-07,15.630889,1
2017-03-08,9.035597,0
2017-03-09,1.0957651,0
2017-03-10,12.240711,1
2017-03-11,14.241801,1
2017-03-12,18.220768,1
2017-03-13,6.258742,0
2017-03-14,6.959401,0
2017-03-15,7.6170297,0
2017-03-16,1.3563234,0
2017-03-17,11.694073,1
2017-03-18,4.2092953,0
2017-03-19,13.3294935,1
2017-03-20,7.509274,0
2017-03-21,11.271814,1
2017-03-22,2.2858696,0
2017-03-23,3.709013,0
2017-03-24,6.163764,0
2017-03-25,8.586722,0
2017-03-26,5.994333,0
2017-03-27,7.1764436,0
2017-03-28,8.717655,0
2017-03-29,20.269127,1
2017-03-30,2.4737923,0
2017-03-31,4.2303867,0
2017-04-01,6.055109,0
2017-04-02,17.584085,1
2017-04-03,11.2551,0
2017-04-04,8.546976,0
2017-04-05,18.078558,1
2017-04-06,28.849945,1
2017-04-07,30.196522,1
2017-04-08,9.047934,0
2017-04-09,12.066434,0
2017-04-10,8.693692,0
2017-04-11,24.069845,1
2017-04-12,13.82042,1
2017-04-13,22.16067,1
2017-04-14,13.572587,0
2017-04-15,3.596778,0
2017-04-16,37.096127,1
2017-04-17,7.5286613,0
2017-04-18,9.660779,0
2017-04-19,9.975965,0
2017-04-20,12.319671,0
2017-04-21,11.228082,0
2017-04-22,7.313026,0
2017-04-23,6.0786576,0
2017-04-24,4.9631634,0
2017-04-25,10.768391,1
2017-04-26,6.6867576,0
2017-04-27,13.336797,1
2017-04-28,4.4619236,0
2017-04-29,33.79863,1
2017-04-30,5.095623,0
2017-05-01,2.8068912,0
2017-05-02,10.837541,1
2017-05-03,14.032994,1
2017-05-04,7.6208863,0
2017-05-05,17.41402,0
2017-05-06,23.941519,1
2017-05-07,12.94704,0
2017-05-08,18.132593,1
2017-05-09,7.5434003,0
2017-05-10,7.239975,0
2017-05-11,1.7043706,0
2017-05-12,8.140244,0
2017-05-13,7.0091043,0
2017-05-14,9.7792225,0
2017-05-15,5.4679875,0
2017-05-16,7.929024,0
2017-05-17,2.7998824,0
2017-05-18,2.071392,0
2017-05-19,32.776897,1
2017-05-20,7.4581294,0
2017-05-21,11.028298,0
2017-05-22,12.928436,0
2017-05-23,8.955458,0
2017-05-24,-0.8540537,0
2017-05-25,7.2540464,0
2017-05-26,3.568716,0
2017-05-27,4.7383647,0
2017-05-28,5.2506037,0
2017-05-29,2.946311,0
2017-05-30,3.3008642,0
2017-05-31,11.057633,1
2017-06-01,41.905132,1
2017-06-02,13.903112,1
2017-06-03,0.89694214,0
2017-06-04,2.4900339,0
2017-06-05,5.060783,0
2017-06-06,4.245447,0
2017-06-07,2.8384776,0
2017-06-08,12.973711,0
2017-06-09,6.1619654,0
2017-06-10,6.603999,0
2017-06-11,7.748044,0
2017-06-12,4.5687523,0
2017-06-13,20.491447,1
2017-06-14,4.8581004,0
2017-06-15,2.576759,0
2017-06-16,-1.3070985,0
2017-06-17,7.2196856,0
2017-06-18,25.96004,1
2017-06-19,15.689716,0
2017-06-20,4.0221944,0
2017-06-21,4.4342766,0
2017-06-22,4.2397227,0
2017-06-23,2.4271836,0
2017-06-24,3.4282038,0
2017-06-25,11.093182,0
2017-06-26,14.933206,0
2017-06-27,7.997953,0
2017-06-28,5.6360664,0
2017-06-29,7.7355776,0
2017-06-30,28.01884,1
2017-07-01,6.5465355,0
2017-07-02,9.136788,0
2017-07-03,9.295192,1
2017-07-04,5.2138653,0
2017-07-05,8.561212,0
2017-07-06,13.300021,0
2017-07-07,18.633333,1
2017-07-08,33.7445,1
2017-07-09,3.6788507,0
2017-07-10,9.844803,0
2017-07-11,7.35634,0
2017-07-12,21.910383,1
2017-07-13,12.361452,0
2017-07-14,19.69926,1
2017-07-15,9.277394,0
2017-07-16,-2.2872396,0
2017-07-17,7.590756,0
2017-07-18,2.9544125,0
2017-07-19,5.716294,0
2017-07-20,5.128809,0
2017-07-21,1.841086,0
2017-07-22,0.5453243,0
2017-07-23,0.13744721,0
2017-07-24,0.4959595,0
2017-07-25,3.587328,0
2017-07-26,0.27640876,0
2017-07-27,0.7489117,0
2017-07-28,8.011976,0
2017-07-29,26.210978,1
2017-07-30,3.637286,0
2017-07-31,2.076456,0
2017-08-01,10.978156,0
2017-08-02,7.836484,0
2017-08-03,2.2790546,0
2017-08-04,24.97664,1
2017-08-05,66.983025,1
2017-08-06,5.6341996,0
2017-08-07,10.949279,0
2017-08-08,9.8716955,0
2017-08-09,14.093905,0
2017-08-10,4.6673193,0
2017-08-11,6.8820724,0
2017-08-12,10.235656,0
2017-08-13,8.936064,0
2017-08-14,12.464433,1
2017-08-15,22.936155,1
2017-08-16,18.741882,1
2017-08-17,14.848734,1
2017-08-18,10.258548,1
2017-08-19,8.106873,0
2017-08-20,10.055943,1
2017-08-21,13.313989,1
2017-08-22,33.696926,1
2017-08-23,6.8943567,0
2017-08-24,2.6672068,0
2017-08-25,5.799295,0
2017-08-26,3.2262022,0
2017-08-27,9.203781,0
2017-08-28,4.775434,0
2017-08-29,18.517448,1
2017-08-30,13.287553,0
2017-08-31,11.431122,0
2017-09-01,8.406288,0
2017-09-02,15.052931,1
2017-09-03,16.356348,1
2017-09-04,26.538013,1
2017-09-05,18.49704,1
2017-09-06,29.986715,1
2017-09-07,34.882664,1
2017-09-08,7.360333,0
2017-09-09,11.106552,0
2017-09-10,30.069675,1
2017-09-11,33.115723,1
2017-09-12,3.3902504,1
2017-09-13,8.303653,0
2017-09-14,11.890443,0
2017-09-15,21.592125,1
2017-09-16,29.986658,1
2017-09-17,16.02259,1
2017-09-18,6.40799,0
2017-09-19,16.355122,1
2017-09-20,31.166922,1
2017-09-21,28.979681,1
2017-09-22,15.183929,1
2017-09-23,4.7140746,0
2017-09-24,20.735271,1
2017-09-25,6.506596,0
2017-09-26,9.030421,0
2017-09-27,5.334199,0
2017-09-28,10.989797,1
2017-09-29,1.9806359,0
2017-09-30,6.8446693,0
2017-10-01,11.895413,1
2017-10-02,8.880661,0
2017-10-03,17.775673,1
2017-10-04,2.3389323,0
2017-10-05,9.195548,0
2017-10-06,11.495811,1
2017-10-07,10.593592,0
2017-10-08,7.998092,0
2017-10-09,23.496597,1
2017-10-10,27.336908,1
2017-10-11,47.34688,1
2017-10-12,12.487075,1
2017-10-13,7.636791,0
2017-10-14,12.344566,1
2017-10-15,0.7854565,0
2017-10-16,6.6975513,0
2017-10-17,5.6451135,0
2017-10-18,7.6643653,0
2017-10-19,1.9222125,0
2017-10-20,8.5734,0
2017-10-21,1.0425056,0
2017-10-22,4.5055156,0
2017-10-23,-0.09237976,0
2017-10-24,5.547663,0
2017-10-25,8.328795,0
2017-10-26,6.5410657,0
2017-10-27,7.350117,0
2017-10-28,2.3745155,0
2017-10-29,2.6771026,0
2017-10-30,14.539628,1
2017-10-31,19.627163,1
2017-11-01,15.956576,1
2017-11-02,11.998807,1
2017-11-03,28.121256,1
2017-11-04,44.51373,1
2017-11-05,43.11562,1
2017-11-06,44.517353,1
2017-11-07,12.346768,1
2017-11-08,44.9363,1
2017-11-09,56.714764,1
2017-11-10,13.181423,1
2017-11-11,19.785154,1
2017-11-12,23.305807,1
2017-11-13,20.65292,1
2017-11-14,5.642531,1
2017-11-15,16.774118,1
2017-11-16,16.92114,1
2017-11-17,25.724525,1
2017-11-18,20.135344,1
2017-11-19,7.1558714,0
2017-11-20,33.775833,1
2017-11-21,13.67706,1
2017-11-22,12.389348,1
2017-11-23,18.113806,1
2017-11-24,26.27474,1
2017-11-25,13.016982,1
2017-11-26,21.332096,1
2017-11-27,30.82431,1
2017-11-28,34.138226,1
2017-11-29,17.072113,1
2017-11-30,19.730886,1
2017-12-01,7.8138924,1
2017-12-02,14.071077,1
2017-12-03,15.4704275,1
2017-12-04,21.907337,1
2017-12-05,15.04572,1
2017-12-06,19.320597,1
2017-12-07,9.12768,0
2017-12-08,6.4036846,0
2017-12-09,7.0546575,0
2017-12-10,17.491045,1
2017-12-11,20.699154,1
2017-12-12,8.520913,1
2017-12-13,31.385754,1
2017-12-14,7.568807,0
2017-12-15,8.649578,0
2017-12-16,3.734851,0
2017-12-17,11.706132,0
2017-12-18,9.642033,0
2017-12-19,6.2108393,0
2017-12-20,19.44081,1
2017-12-21,8.304423,0
2017-12-22,6.3688693,0
2017-12-23,10.449556,1
2017-12-24,10.437639,1
2017-12-25,19.451534,1
2017-12-26,40.422424,1
2017-12-27,33.98332,1
2017-12-28,13.087618,1
2017-12-29,7.028813,0
2017-12-30,7.267189,0
2017-12-31,23.288532,1
2018-01-01,24.210487,1
2018-01-02,33.555546,1
2018-01-03,7.8430333,0
2018-01-04,44.38198,1
2018-01-05,16.221144,1
2018-01-06,3.892903,0
2018-01-07,4.5513167,0
2018-01-08,9.453502,1
2018-01-09,4.095848,0
2018-01-10,14.984658,1
2018-01-11,17.092836,0
2018-01-12,13.360726,0
2018-01-13,8.906563,0
2018-01-14,3.108386,0
2018-01-15,5.1963696,0
2018-01-16,12.252821,0
2018-01-17,10.674393,0
2018-01-18,5.8543005,0
2018-01-19,19.504992,1
2018-01-20,8.4174,0
2018-01-21,33.26465,1
2018-01-22,22.900307,1
2018-01-23,5.9522915,0
2018-01-24,8.396853,0
2018-01-25,13.626138,1
2018-01-26,8.529546,1
2018-01-27,12.028212,1
2018-01-28,5.6908393,0
2018-01-29,30.081333,1
2018-01-30,2.852169,0
2018-01-31,0.55426955,0
2018-02-01,4.572929,0
2018-02-02,1.6432703,0
2018-02-03,17.004416,1
2018-02-04,4.192056,0
2018-02-05,-1.0585693,0
2018-02-06,9.339856,0
2018-02-07,14.628748,1
2018-02-08,21.759893,1
2018-02-09,7.556195,0
2018-02-10,9.926035,0
2018-02-11,6.571329,0
2018-02-12,16.255177,1
2018-02-13,5.6560745,0
2018-02-14,8.044878,0
2018-02-15,9.567888,0
2018-02-16,7.471094,0
2018-02-17,4.7772393,0
2018-02-18,10.267113,1
2018-02-19,12.601933,1
2018-02-20,19.937595,1
2018-02-21,13.558954,0
2018-02-22,13.051698,0
2018-02-23,13.108619,0
2018-02-24,31.294395,1
2018-02-25,4.868263,0
2018-02-26,-0.3936719,0
2018-02-27,19.062065,1
2018-02-28,8.171662,0
2018-03-01,13.35387,0
2018-03-02,13.992891,1
2018-03-03,11.634223,1
2018-03-04,25.725836,1
2018-03-05,1.9707818,0
2018-03-06,25.57848,1
2018-03-07,17.944944,1
2018-03-08,12.29172,0
2018-03-09,13.784977,0
2018-03-10,16.361935,1
2018-03-11,24.397297,1
2018-03-12,-2.406929,0
2018-03-13,7.472589,0
2018-03-14,10.211921,0
2018-03-15,8.130394,0
2018-03-16,13.885644,0
2018-03-17,1.0035299,0
2018-03-18,1.608536,0
2018-03-19,20.739729,1
2018-03-20,15.306333,1
2018-03-21,36.555008,1
2018-03-22,4.6140966,0
2018-03-23,7.6930575,0
2018-03-24,17.692621,1
2018-03-25,9.364152,0
2018-03-26,8.298909,0
2018-03-27,28.845535,1
2018-03-28,13.470308,0
2018-03-29,9.446973,0
2018-03-30,12.924056,0
2018-03-31,13.322589,0
2018-04-01,20.212439,1
2018-04-02,8.514316,0
2018-04-03,5.8340745,0
2018-04-04,13.075387,1
2018-04-05,7.081572,0
2018-04-06,12.291277,1
2018-04-07,12.122804,1
2018-04-08,16.311539,1
2018-04-09,14.3083,1
2018-04-10,19.742949,1
2018-04-11,6.437939,0
2018-04-12,11.054794,0
2018-04-13,10.595391,0
2018-04-14,18.213999,1
2018-04-15,28.32842,1
2018-04-16,19.79766,1
2018-04-17,30.107937,1
2018-04-18,15.634478,1
2018-04-19,18.484285,1
2018-04-20,16.35207,1
2018-04-21,24.422075,1
2018-04-22,24.947926,1
2018-04-23,17.336039,1
2018-04-24,15.660497,1
2018-04-25,21.099205,1
2018-04-26,10.436047,1
2018-04-27,18.410023,1
2018-04-28,8.147331,0
2018-04-29,-0.09920472,0
2018-04-30,7.8843613,0
2018-05-01,7.510299,0
2018-05-02,7.654229,0
2018-05-03,9.1536875,0
2018-05-04,23.036379,1
2018-05-05,11.425667,0
2018-05-06,13.154447,0
2018-05-07,29.719658,1
2018-05-08,17.29521,0
2018-05-09,13.873305,0
2018-05-10,8.790497,0
2018-05-11,12.872214,1
2018-05-12,13.544392,1
2018-05-13,25.089937,1
2018-05-14,4.571294,0
2018-05-15,12.404977,1
2018-05-16,22.078169,1
2018-05-17,24.866404,1
2018-05-18,17.537487,1
2018-05-19,20.466303,1
2018-05-20,14.796887,0
2018-05-21,21.364126,1
2018-05-22,26.855646,1
2018-05-23,17.14176,1
2018-05-24,15.432213,1
2018-05-25,12.5858965,1
2018-05-26,12.27098,1
2018-05-27,14.07141,1
2018-05-28,16.0886,1
2018-05-29,8.4497385,0
2018-05-30,10.415105,0
2018-05-31,9.5755825,0
2018-06-01,22.337866,1
2018-06-02,6.6498938,0
2018-06-03,3.3170881,0
2018-06-04,4.310402,0
2018-06-05,4.966414,0
2018-06-06,1.1441538,0
2018-06-07,5.255787,0
2018-06-08,4.075908,0
2018-06-09,8.009727,0
2018-06-10,5.0724154,0
2018-06-11,-0.05724002,0
2018-06-12,6.495253,0
2018-06-13,2.991129,0
2018-06-14,1.6056807,0
2018-06-15,-2.5459492,0
2018-06-16,20.29833,1
2018-06-17,20.271173,1
2018-06-18,6.9926615,0
2018-06-19,30.678831,1
2018-06-20,11.539558,1
2018-06-21,3.429041,0
2018-06-22,8.150478,0
2018-06-23,12.165914,1
2018-06-24,28.068321,1
2018-06-25,11.192035,0
2018-06-26,36.711735,1
2018-06-27,7.69706,0
2018-06-28,10.811299,0
2018-06-29,6.1840563,0
2018-06-30,13.092303,1
2018-07-01,10.595371,0
2018-07-02,10.622882,0
2018-07-03,-0.08107498,0
2018-07-04,4.2629437,0
2018-07-05,3.5760267,0
2018-07-06,21.466135,1
2018-07-07,8.139256,0
2018-07-08,6.68885,0
2018-07-09,6.8026276,0
2018-07-10,30.89926,1
2018-07-11,34.26774,1
2018-07-12,4.095524,0
2018-07-13,3.907734,0
2018-07-14,12.576008,0
2018-07-15,23.6164,1
2018-07-16,19.42837,1
2018-07-17,6.188813,0
2018-07-18,10.57668,0
2018-07-19,14.732076,1
2018-07-20,36.10965,1
2018-07-21,12.342023,1
2018-07-22,5.8189306,0
2018-07-23,4.7022014,0
2018-07-24,1.5911919,0
2018-07-25,17.177032,1
2018-07-26,3.4999301,0
2018-07-27,7.8872247,0
2018-07-28,21.594503,1
2018-07-29,11.305403,1
2018-07-30,22.414412,1
2018-07-31,12.847561,0
2018-08-01,5.921987,0
2018-08-02,7.7327976,0
2018-08-03,20.341345,1
2018-08-04,3.256668,0
2018-08-05,8.708329,0
2018-08-06,17.533602,1
2018-08-07,8.911297,0
2018-08-08,21.33439,1
2018-08-09,21.783579,1
2018-08-10,-2.8340096,0
2018-08-11,5.76979,0
2018-08-12,4.16763,0
2018-08-13,4.4590187,0
2018-08-14,1.3449166,0
2018-08-15,0.991965,0
2018-08-16,4.2286096,0
2018-08-17,0.70637083,0
2018-08-18,-0.9138239,0
2018-08-19,21.86978,1
2018-08-20,6.6329656,0
2018-08-21,6.75869,0
2018-08-22,40.434353,1
2018-08-23,36.735603,1
2018-08-24,-4.140343,0
2018-08-25,13.432993,1
2018-08-26,5.7611117,0
2018-08-27,2.7500367,0
2018-08-28,6.9564347,0
2018-08-29,11.786937,0
2018-08-30,5.812105,0
2018-08-31,4.7617373,0
2018-09-01,8.540336,0
2018-09-02,5.384878,0
2018-09-03,4.4142036,0
2018-09-04,11.695841,1
2018-09-05,10.926897,0
2018-09-06,7.5303035,0
2018-09-07,11.228335,0
2018-09-08,8.328883,0
2018-09-09,13.866486,1
2018-09-10,8.606842,0
2018-09-11,9.948432,0
2018-09-12,15.41615,1
2018-09-13,9.507082,0
2018-09-14,17.731129,1
2018-09-15,10.926156,0
2018-09-16,13.192138,1
2018-09-17,38.242393,1
2018-09-18,19.127888,1
2018-09-19,6.7160735,0
2018-09-20,4.029188,0
2018-09-21,11.093542,0
2018-09-22,17.704382,1
2018-09-23,3.1515932,0
2018-09-24,9.765072,0
2018-09-25,19.099941,1
2018-09-26,8.209523,0
2018-09-27,15.901639,1
2018-09-28,11.77921,1
2018-09-29,13.873612,1
2018-09-30,17.662537,1
2018-10-01,28.301537,1
2018-10-02,20.541357,1
2018-10-03,12.445771,0
2018-10-04,20.614683,1
2018-10-05,23.93785,1
2018-10-06,15.750475,1
2018-10-07,12.187711,1
2018-10-08,16.180157,1
2018-10-09,17.762754,1
2018-10-10,29.983683,1
2018-10-11,14.261102,1
2018-10-12,34.31426,1
2018-10-13,28.331766,1
2018-10-14,14.25295,1
2018-10-15,22.231937,1
2018-10-16,17.352156,1
2018-10-17,33.724342,1
2018-10-18,24.238773,1
2018-10-19,10.751159,0
2018-10-20,5.380817,0
2018-10-21,8.582164,0
2018-10-22,13.264633,1
2018-10-23,17.38235,1
2018-10-24,23.638235,1
2018-10-25,6.99444,0
2018-10-26,6.353195,0
2018-10-27,10.123915,0
2018-10-28,15.263552,1
2018-10-29,30.302513,1
2018-10-30,19.30578,1
2018-10-31,27.155695,1
2018-11-01,16.589977,1
2018-11-02,13.743946,1
2018-11-03,28.97398,1
2018-11-04,14.780095,1
2018-11-05,17.540104,1
2018-11-06,18.796486,1
2018-11-07,32.37238,1
2018-11-08,28.375082,1
2018-11-09,15.755337,1
2018-11-10,39.83147,1
2018-11-11,16.553072,1
2018-11-12,6.820861,1
2018-11-13,31.570204,1
2018-11-14,34.197445,1
2018-11-15,29.742994,1
2018-11-16,5.148502,0
2018-11-17,4.3273783,0
2018-11-18,5.7222047,0
2018-11-19,3.816638,1
2018-11-20,19.362854,1
2018-11-21,6.2355013,0
2018-11-22,9.501598,0
2018-11-23,26.926542,1
2018-11-24,6.9777193,0
2018-11-25,11.915498,1
2018-11-26,15.415575,1
2018-11-27,8.1318865,1
2018-11-28,6.4749336,0
2018-11-29,17.186993,1
2018-11-30,21.721872,1
2018-12-01,25.76071,1
2018-12-02,20.50914,1
2018-12-03,15.578204,1
2018-12-04,9.57148,1
2018-12-05,20.399128,1
2018-12-06,26.954021,1
2018-12-07,18.606174,1
2018-12-08,9.435428,0
2018-12-09,6.9302173,0
2018-12-10,12.202325,1
2018-12-11,9.842878,1
2018-12-12,17.244047,1
2018-12-13,3.7727692,0
2018-12-14,24.266548,1
2018-12-15,15.292927,0
2018-12-16,3.935257,0
2018-12-17,0.26433823,0
2018-12-18,4.2164254,0
2018-12-19,4.4042454,0
2018-12-20,4.1597695,0
2018-12-21,2.4608343,0
2018-12-22,7.1580324,0
2018-12-23,8.378688,0
2018-12-24,8.337722,0
2018-12-25,11.743754,0
2018-12-26,10.985949,1
2018-12-27,11.800348,1
2018-12-28,8.671382,0
2018-12-29,9.996471,0
2018-12-30,12.138759,0
2018-12-31,4.4262247,0
2019-01-01,26.994175,1
2019-01-02,9.435188,0
2019-01-03,7.181397,0
2019-01-04,13.183838,1
2019-01-05,12.676942,1
2019-01-06,14.023219,1
2019-01-07,10.145878,1
2019-01-08,16.949076,1
2019-01-09,8.71158,0
2019-01-10,13.5136175,0
2019-01-11,4.011973,0
2019-01-12,8.914743,0
2019-01-13,11.302858,0
2019-01-14,24.833216,1
2019-01-15,26.68697,1
2019-01-16,4.961623,0
2019-01-17,11.471064,0
2019-01-18,11.514572,0
2019-01-19,8.68575,0
2019-01-20,6.074033,0
2019-01-21,29.49317,1
2019-01-22,18.19393,1
2019-01-23,-3.6362314,0
2019-01-24,1.8494961,0
2019-01-25,9.255915,0
2019-01-26,3.4110937,0
2019-01-27,1.5795872,0
2019-01-28,15.002266,1
2019-01-29,8.726983,0
2019-01-30,4.3758864,0
2019-01-31,-0.9081873,0
2019-02-01,3.8947415,0
2019-02-02,12.99537,1
2019-02-03,12.25383,0
2019-02-04,12.108512,0
2019-02-05,14.926552,1
2019-02-06,12.043912,1
2019-02-07,9.612151,1
2019-02-08,12.286099,1
2019-02-09,22.573023,1
2019-02-10,10.353756,0
2019-02-11,10.573221,0
2019-02-12,4.4138246,0
2019-02-13,-2.245525,0
2019-02-14,-0.96149653,0
2019-02-15,5.686373,0
2019-02-16,5.216458,0
2019-02-17,15.573296,1
2019-02-18,7.769467,0
2019-02-19,2.8373535,0
2019-02-20,11.28889,0
2019-02-21,3.4366846,0
2019-02-22,10.783612,0
2019-02-23,5.221223,0
2019-02-24,3.0216858,0
2019-02-25,6.0137215,0
2019-02-26,2.799818,0
2019-02-27,1.9563566,0
2019-02-28,13.822789,1
2019-03-01,18.730259,1
2019-03-02,15.501995,1
2019-03-03,11.213746,0
2019-03-04,4.8272386,0
2019-03-05,1.6491768,0
2019-03-06,36.67818,1
2019-03-07,19.664827,1
2019-03-08,-2.1964471,0
2019-03-09,6.489118,0
2019-03-10,22.134506,1
2019-03-11,16.089859,1
2019-03-12,11.572596,0
2019-03-13,6.0960345,0
2019-03-14,0.9335538,0
2019-03-15,10.885582,0
2019-03-16,8.653242,0
2019-03-17,5.342027,0
2019-03-18,8.731366,0
2019-03-19,4.336237,0
2019-03-20,10.878645,0
2019-03-21,9.916678,0
2019-03-22,18.879332,1
2019-03-23,4.2843704,0
2019-03-24,6.5432224,0
2019-03-25,23.005318,1
2019-03-26,10.459015,0
2019-03-27,6.6479063,0
2019-03-28,22.610867,1
2019-03-29,11.610615,1
2019-03-30,15.795661,1
2019-03-31,2.6733468,0
2019-04-01,2.8429458,0
2019-04-02,23.790741,1
2019-04-03,6.108527,0
2019-04-04,7.400187,0
2019-04-05,4.1505194,0
2019-04-06,6.704344,0
2019-04-07,8.645829,0
2019-04-08,13.603245,1
2019-04-09,11.36604,1
2019-04-10,10.209852,0
2019-04-11,13.648698,1
2019-04-12,14.061155,0
2019-04-13,24.69541,1
2019-04-14,3.8949718,0
2019-04-15,7.408564,0
2019-04-16,5.698662,0
2019-04-17,25.441511,1
2019-04-18,5.974543,0
2019-04-19,14.596859,1
2019-04-20,11.054031,0
2019-04-21,4.4995914,0
2019-04-22,12.376237,0
2019-04-23,13.080865,0
2019-04-24,14.468038,1
2019-04-25,14.254425,1
2019-04-26,13.00144,1
2019-04-27,17.917553,1
2019-04-28,7.84811,0
2019-04-29,1.6488644,0
2019-04-30,0.1400551,0
2019-05-01,9.219658,0
2019-05-02,1.6750057,0
2019-05-03,-1.2835263,0
2019-05-04,14.12839,1
2019-05-05,10.056661,0
2019-05-06,29.71919,1
2019-05-07,4.1883173,0
2019-05-08,2.698873,0
2019-05-09,7.9015775,0
2019-05-10,13.304445,0
2019-05-11,10.425042,0
2019-05-12,4.441583,0
2019-05-13,5.366503,0
2019-05-14,7.0615845,0
2019-05-15,13.6447525,1
2019-05-16,11.888071,1
2019-05-17,12.837906,1
2019-05-18,7.6251073,0
2019-05-19,8.917749,0
2019-05-20,4.9617805,0
2019-05-21,5.9581375,0
2019-05-22,16.323296,1
2019-05-23,22.743824,1
2019-05-24,6.2426405,0
2019-05-25,15.789335,1
2019-05-26,5.155258,0
2019-05-27,3.5919256,0
2019-05-28,15.830017,1
2019-05-29,14.049397,1
2019-05-30,11.596546,1
2019-05-31,6.08752,0
2019-06-01,16.502966,1
2019-06-02,28.8351,1
2019-06-03,19.099527,1
2019-06-04,19.447714,1
2019-06-05,6.4648414,0
2019-06-06,9.562742,0
2019-06-07,25.135386,1
2019-06-08,4.5527244,0
2019-06-09,11.6116705,0
2019-06-10,5.577385,0
2019-06-11,4.3657417,0
2019-06-12,9.994551,0
2019-06-13,4.5014234,0
2019-06-14,1.2669632,0
2019-06-15,2.7340477,0
2019-06-16,13.6489315,1
2019-06-17,5.7700224,0
2019-06-18,12.364074,0
2019-06-19,8.588625,0
2019-06-20,6.597294,0
2019-06-21,12.651639,1
2019-06-22,19.311903,1
2019-06-23,22.312527,1
2019-06-24,20.420013,1
2019-06-25,6.3805804,0
2019-06-26,1.0996039,0
2019-06-27,-3.5745277,0
2019-06-28,0.20022991,0
2019-06-29,3.022334,0
2019-06-30,3.5970588,0
2019-07-01,1.2766526,0
2019-07-02,2.2609317,0
2019-07-03,5.638236,0
2019-07-04,7.201151,0
2019-07-05,2.7824368,0
2019-07-06,4.5492706,0
2019-07-07,5.1568484,0
2019-07-08,13.91131,1
2019-07-09,9.514373,0
2019-07-10,11.728131,1
2019-07-11,9.695507,0
2019-07-12,8.740241,0
2019-07-13,10.114186,0
2019-07-14,7.9343367,0
2019-07-15,6.338143,0
2019-07-16,9.979175,0
2019-07-17,13.211143,1
2019-07-18,1.7020247,0
2019-07-19,4.7370443,0
2019-07-20,12.367119,1
2019-07-21,10.269383,0
2019-07-22,9.365335,0
2019-07-23,1.2439853,0
2019-07-24,16.138428,1
2019-07-25,15.627568,1
2019-07-26,10.494506,0
2019-07-27,2.2135868,0
2019-07-28,6.9354224,0
2019-07-29,11.425505,0
2019-07-30,2.7109902,0
2019-07-31,3.5069892,0
2019-08-01,13.399199,1
2019-08-02,10.287622,0
2019-08-03,13.22882,1
2019-08-04,4.3448324,0
2019-08-05,7.477831,0
2019-08-06,11.212807,0
2019-08-07,6.295299,0
2019-08-08,9.989234,0
2019-08-09,8.595358,0
2019-08-10,18.51253,1
2019-08-11,13.325161,1
2019-08-12,12.117715,1
2019-08-13,4.838958,0
2019-08-14,9.373982,0
2019-08-15,11.654017,0
2019-08-16,6.689843,0
2019-08-17,17.950188,1
2019-08-18,5.5629215,0
2019-08-19,13.299002,0
2019-08-20,9.08739,0
2019-08-21,16.003073,1
2019-08-22,28.734938,1
2019-08-23,9.639564,0
2019-08-24,15.149906,1
2019-08-25,33.117046,1
2019-08-26,28.645844,1
2019-08-27,2.4481225,0
2019-08-28,15.879177,1
2019-08-29,13.580142,1
2019-08-30,14.431176,1
2019-08-31,8.195404,0
2019-09-01,13.3743925,1
2019-09-02,11.222097,0
2019-09-03,5.910174,0
2019-09-04,16.852306,1
2019-09-05,7.5191183,0
2019-09-06,4.345579,0
2019-09-07,2.293039,0
2019-09-08,7.5212293,0
2019-09-09,7.7363896,0
2019-09-10,1.8080904,0
2019-09-11,4.4429207,0
2019-09-12,2.160606,0
2019-09-13,9.252841,0
2019-09-14,6.9942245,0
2019-09-15,12.370341,1
2019-09-16,4.1449294,0
2019-09-17,-5.706388,0
2019-09-18,7.3321743,0
2019-09-19,9.25292,0
2019-09-20,14.212538,0
2019-09-21,7.436348,0
2019-09-22,13.219311,1
2019-09-23,7.7261424,1
2019-09-24,-1.4073163,0
2019-09-25,1.5671302,0
2019-09-26,14.48032,1
2019-09-27,14.345323,1
2019-09-28,8.721205,0
2019-09-29,11.207579,0
2019-09-30,18.741749,1
2019-10-01,23.711716,1
2019-10-02,13.672718,0
2019-10-03,21.25038,1
2019-10-04,35.27677,1
2019-10-05,8.344699,0
2019-10-06,14.353088,0
2019-10-07,17.52231,1
2019-10-08,21.609598,1
2019-10-09,20.621468,1
2019-10-10,20.741442,1
2019-10-11,8.647184,0
2019-10-12,17.202677,1
2019-10-13,24.41407,1
2019-10-14,20.038126,1
2019-10-15,22.273357,1
2019-10-16,20.099966,1
2019-10-17,11.218556,0
2019-10-18,25.059303,1
2019-10-19,18.16465,1
2019-10-20,7.7841635,0
2019-10-21,10.592217,0
2019-10-22,13.555461,0
2019-10-23,22.062876,1
2019-10-24,19.151285,1
2019-10-25,15.493223,1
2019-10-26,14.542173,1
2019-10-27,27.523426,1
2019-10-28,22.239513,1
2019-10-29,14.084231,1
2019-10-30,16.125628,1
2019-10-31,12.622453,1
2019-11-01,20.383238,1
2019-11-02,13.750254,1
2019-11-03,25.87043,1
2019-11-04,12.428332,1
2019-11-05,0.5189167,0
2019-11-06,7.8029995,0
2019-11-07,5.775271,0
2019-11-08,5.783185,0
2019-11-09,6.3254776,0
2019-11-10,0.9062937,0
2019-11-11,12.930782,1
2019-11-12,10.198125,0
2019-11-13,9.269878,0
2019-11-14,12.515377,1
2019-11-15,12.340816,1
2019-11-16,17.393934,1
2019-11-17,20.561426,1
2019-11-18,7.8812037,0
2019-11-19,23.658022,1
2019-11-20,15.916591,1
2019-11-21,21.508753,1
2019-11-22,21.12609,1
2019-11-23,19.0584,1
2019-11-24,24.237366,1
2019-11-25,20.905628,1
2019-11-26,22.349405,1
2019-11-27,14.771712,1
2019-11-28,26.540081,1
2019-11-29,20.056652,1
2019-11-30,12.212604,0
2019-12-01,20.141176,1
2019-12-02,36.91116,1
2019-12-03,8.8655815,1
2019-12-04,21.812801,1
2019-12-05,9.681177,1
2019-12-06,5.7961493,0
2019-12-07,13.679429,1
2019-12-08,33.11963,1
2019-12-09,9.175762,0
2019-12-10,13.119332,0
2019-12-11,18.178667,1
2019-12-12,37.750023,1
2019-12-13,11.067302,1
2019-12-14,4.538598,0
2019-12-15,17.468737,1
2019-12-16,16.056509,1
2019-12-17,19.534115,1
2019-12-18,13.787343,1
2019-12-19,26.824322,1
2019-12-20,11.535237,0
2019-12-21,12.922785,0
2019-12-22,11.38122,1
2019-12-23,19.048378,1
2019-12-24,6.8485436,1
2019-12-25,20.408716,1
2019-12-26,18.554626,1
2019-12-27,11.959665,0
2019-12-28,9.812183,0
2019-12-29,8.79416,0
2019-12-30,11.548054,1
2019-12-31,23.768597,1
2020-01-01,13.278329,1
2020-01-02,10.770841,0
2020-01-03,0.997672,0
2020-01-04,10.212164,0
2020-01-05,13.222854,1
2020-01-06,8.99372,0
2020-01-07,1.1639415,0
2020-01-08,6.1748977,0
2020-01-09,-1.2307526,0
2020-01-10,20.42026,1
2020-01-11,24.502434,1
2020-01-12,7.6713,0
2020-01-13,4.714275,0
2020-01-14,5.725642,0
2020-01-15,11.280218,1
2020-01-16,8.189306,0
2020-01-17,9.721094,0
2020-01-18,15.39216,1
2020-01-19,14.635483,1
2020-01-20,5.5784316,0
2020-01-21,21.593672,1
2020-01-22,9.656467,0
2020-01-23,6.4403286,0
2020-01-24,9.968088,0
2020-01-25,5.2326303,0
2020-01-26,2.5973327,0
2020-01-27,22.40246,1
2020-01-28,11.698327,0
2020-01-29,17.007322,1
2020-01-30,17.739805,1
2020-01-31,-1.2665633,0
2020-02-01,9.4444685,0
2020-02-02,0.758787,0
2020-02-03,3.476906,0
2020-02-04,9.311437,0
2020-02-05,1.1994307,0
2020-02-06,1.0871323,0
2020-02-07,22.432203,1
2020-02-08,27.96066,1
2020-02-09,14.25651,0
2020-02-10,5.3020487,0
2020-02-11,11.916326,1
2020-02-12,2.706179,0
2020-02-13,0.005408129,0
2020-02-14,21.64585,1
2020-02-15,22.435843,1
2020-02-16,29.59537,1
2020-02-17,-1.2701888,0
2020-02-18,18.153688,1
2020-02-19,15.079981,1
2020-02-20,1.3542383,0
2020-02-21,-6.622223,0
2020-02-22,-7.111084,0
2020-02-23,-11.774414,0
2020-02-24,-8.688211,0
2020-02-25,0.14058517,0
2020-02-26,-1.2401339,0
2020-02-27,-0.42258447,0
2020-02-28,0.1363636,0
2020-02-29,-0.37810668,0
2020-03-01,-0.270271,0
2020-03-02,8.5214615,1
2020-03-03,15.09032,1
2020-03-04,4.384883,1
2020-03-05,3.0460978,0
2020-03-06,33.66048,1
2020-03-07,6.241792,0
2020-03-08,1.0529101,0
2020-03-09,10.952284,0
2020-03-10,10.658359,0
2020-03-11,-1.1115769,0
2020-03-12,3.5829556,0
2020-03-13,7.574092,0
2020-03-14,6.415279,1
2020-03-15,-1.0391825,0
2020-03-16,-4.9551864,0
2020-03-17,-5.2499733,0
2020-03-18,4.352556,0
2020-03-19,14.903731,1
2020-03-20,36.229706,1
2020-03-21,-5.696345,0
2020-03-22,1.5981278,0
2020-03-23,-1.9585527,0
2020-03-24,13.148494,1
2020-03-25,12.519636,1
2020-03-26,10.156396,1
2020-03-27,30.21982,1
2020-03-28,11.43274,0
2020-03-29,28.63116,1
2020-03-30,13.925271,1
2020-03-31,10.858978,0
2020-04-01,4.294881,0
2020-04-02,13.308725,0
2020-04-03,9.528642,0
2020-04-04,3.5507913,0
2020-04-05,8.058414,0
2020-04-06,16.268423,1
2020-04-07,20.657871,1
2020-04-08,-0.9696697,0
2020-04-09,16.392492,1
2020-04-10,16.511312,1
2020-04-11,13.989761,0
2020-04-12,1.6674881,0
2020-04-13,23.545755,1
2020-04-14,18.8764,1
2020-04-15,7.833511,0
2020-04-16,19.096798,1
2020-04-17,28.495728,1
2020-04-18,20.54167,1
2020-04-19,6.821098,0
2020-04-20,7.4497185,0
2020-04-21,4.285948,0
2020-04-22,0.051739786,0
2020-04-23,20.0143,1
2020-04-24,33.682533,1
2020-04-25,10.83151,0
2020-04-26,9.044494,0
2020-04-27,13.465254,1
2020-04-28,10.1731615,1
2020-04-29,5.5477314,0
2020-04-30,13.542215,1
2020-05-01,25.352926,1
2020-05-02,21.121748,1
2020-05-03,5.6137915,0
2020-05-04,9.707893,0
2020-05-05,2.4465747,0
2020-05-06,6.0186996,0
2020-05-07,2.400981,0
2020-05-08,21.0034,1
2020-05-09,8.868965,0
2020-05-10,0.59541255,0
2020-05-11,4.492355,0
2020-05-12,1.0556724,0
2020-05-13,5.193805,0
2020-05-14,8.529292,0
2020-05-15,3.5712824,0
2020-05-16,4.1256557,0
2020-05-17,13.597734,1
2020-05-18,27.960094,1
2020-05-19,4.37611,0
2020-05-20,6.7921143,0
2020-05-21,8.299367,0
2020-05-22,-1.7214755,0
2020-05-23,4.9224095,0
2020-05-24,8.447249,0
2020-05-25,8.998139,0
2020-05-26,4.0052557,0
2020-05-27,9.610102,0
2020-05-28,8.370666,0
2020-05-29,1.7110412,0
2020-05-30,11.964569,1
2020-05-31,15.655891,1
2020-06-01,18.56528,1
2020-06-02,10.409715,0
2020-06-03,-1.5632519,0
2020-06-04,14.231348,1
2020-06-05,15.080696,0
2020-06-06,30.70171,1
2020-06-07,0.8042337,0
2020-06-08,3.1666253,0
2020-06-09,5.5734096,0
2020-06-10,3.6316242,0
2020-06-11,5.062655,0
2020-06-12,6.184969,0
2020-06-13,21.138187,1
2020-06-14,8.461685,0
2020-06-15,2.1235223,0
2020-06-16,2.3451848,0
2020-06-17,15.638247,1
2020-06-18,3.756449,0
2020-06-19,16.859394,1
2020-06-20,19.726141,1
2020-06-21,9.823684,0
2020-06-22,30.025482,1
2020-06-23,22.048706,1
2020-06-24,4.475871,0
2020-06-25,5.526345,0
2020-06-26,-3.1571383,0
2020-06-27,-2.6763232,0
2020-06-28,8.912732,0
2020-06-29,2.2005558,0
2020-06-30,2.2156975,0
2020-07-01,3.8586564,0
2020-07-02,4.2465415,0
2020-07-03,1.4395195,0
2020-07-04,4.0968714,0
2020-07-05,3.3508792,0
2020-07-06,1.7015082,0
2020-07-07,17.393534,1
2020-07-08,24.519688,1
2020-07-09,27.964586,1
2020-07-10,4.9346714,0
2020-07-11,6.8036704,0
2020-07-12,6.835234,0
2020-07-13,29.993887,1
2020-07-14,22.138458,1
2020-07-15,5.174814,0
2020-07-16,10.867737,0
2020-07-17,14.312549,1
2020-07-18,19.940804,1
2020-07-19,27.482243,1
2020-07-20,9.224958,0
2020-07-21,12.169564,0
2020-07-22,13.13245,0
2020-07-23,33.355404,1
2020-07-24,13.204225,0
2020-07-25,8.586801,0
2020-07-26,23.402702,1
2020-07-27,16.534456,1
2020-07-28,13.822264,1
2020-07-29,47.59065,1
2020-07-30,15.92569,1
2020-07-31,5.4918394,0
2020-08-01,24.96531,1
2020-08-02,14.036303,1
2020-08-03,-0.53138816,0
2020-08-04,14.389375,0
2020-08-05,10.784407,0
2020-08-06,0.6013706,0
2020-08-07,1.3074218,0
2020-08-08,1.8202477,0
2020-08-09,2.4383082,0
2020-08-10,1.4279898,0
2020-08-11,-2.7634952,0
2020-08-12,5.9064527,0
2020-08-13,5.1826453,0
2020-08-14,10.181383,1
2020-08-15,0.27407718,0
2020-08-16,-0.93675226,0
2020-08-17,12.493302,0
2020-08-18,9.21601,0
2020-08-19,6.1877513,0
2020-08-20,4.209946,0
2020-08-21,0.82722795,0
2020-08-22,19.876183,1
2020-08-23,34.70385,1
2020-08-24,-3.284703,0
2020-08-25,-0.73406434,0
2020-08-26,16.836473,1
2020-08-27,18.730219,1
2020-08-28,8.071772,0
2020-08-29,21.101734,1
2020-08-30,8.818209,0
2020-08-31,24.322823,1
2020-09-01,21.802586,1
2020-09-02,36.03913,1
2020-09-03,-3.557962,0
2020-09-04,9.241174,0
2020-09-05,27.05686,1
2020-09-06,2.3153908,0
2020-09-07,18.456451,1
2020-09-08,22.534847,1
2020-09-09,11.580597,0
2020-09-10,22.914507,1
2020-09-11,18.782568,1
2020-09-12,28.308064,1
2020-09-13,2.5208204,0
2020-09-14,0.11224148,0
2020-09-15,4.406324,0
2020-09-16,7.2661614,0
2020-09-17,6.3880167,0
2020-09-18,18.222118,1
2020-09-19,22.190588,1
2020-09-20,4.0100927,0
2020-09-21,9.31699,1
2020-09-22,19.797846,1
2020-09-23,12.056303,1
2020-09-24,21.849512,1
2020-09-25,11.252544,0
2020-09-26,14.14064,0
2020-09-27,15.052709,1
2020-09-28,6.384916,0
2020-09-29,5.2663407,0
2020-09-30,2.8283093,0
2020-10-01,9.019571,0
2020-10-02,30.917305,1
2020-10-03,13.546228,1
2020-10-04,9.354943,0
2020-10-05,10.293312,1
2020-10-06,6.4134426,0
2020-10-07,37.301304,1
2020-10-08,37.698574,1
2020-10-09,27.288197,1
2020-10-10,27.146086,1
2020-10-11,28.143587,1
2020-10-12,7.6331167,0
2020-10-13,-0.76774484,0
2020-10-14,10.327575,1
2020-10-15,4.2507486,0
2020-10-16,4.6049933,0
2020-10-17,7.1564636,0
2020-10-18,12.567745,0
2020-10-19,0.89965296,0
2020-10-20,0.54637367,0
2020-10-21,10.691737,1
2020-10-22,14.045959,1
2020-10-23,7.9482636,0
2020-10-24,8.04509,0
2020-10-25,17.310997,1
2020-10-26,14.468854,0
2020-10-27,5.3726425,0
2020-10-28,5.4794083,0
2020-10-29,4.578836,0
2020-10-30,2.8410485,0
2020-10-31,6.6320863,0
2020-11-01,9.962152,0
2020-11-02,9.003362,1
2020-11-03,10.174491,1
2020-11-04,19.210348,1
2020-11-05,15.562835,1
2020-11-06,0.28873757,0
2020-11-07,4.568693,0
2020-11-08,14.182921,0
2020-11-09,29.430412,1
2020-11-10,10.988802,0
2020-11-11,5.257257,0
2020-11-12,13.052934,1
2020-11-13,6.326504,0
2020-11-14,14.180927,1
2020-11-15,24.388508,1
2020-11-16,8.486046,0
2020-11-17,8.420936,0
2020-11-18,11.904467,1
2020-11-19,18.895872,1
2020-11-20,18.665874,1
2020-11-21,12.548224,0
2020-11-22,33.48064,1
2020-11-23,27.101492,1
2020-11-24,15.459325,0
2020-11-25,10.307133,0
2020-11-26,20.713688,1
2020-11-27,24.815237,1
2020-11-28,14.238454,0
2020-11-29,21.405628,1
2020-11-30,7.3298006,0
2020-12-01,7.7961254,0
2020-12-02,8.831136,0
2020-12-03,9.221395,0
2020-12-04,8.209583,0
2020-12-05,14.774522,1
2020-12-06,2.3119607,0
2020-12-07,3.3270802,0
2020-12-08,11.627564,1
2020-12-09,3.2781706,0
2020-12-10,4.2472644,0
2020-12-11,13.597814,1
2020-12-12,13.32458,1
2020-12-13,10.902919,0
2020-12-14,-1.476906,0
2020-12-15,11.818236,1
2020-12-16,13.158376,0
2020-12-17,30.510021,1
2020-12-18,10.65773,0
2020-12-19,22.346807,1
2020-12-20,21.02095,1
2020-12-21,7.272264,0
2020-12-22,5.5126204,0
2020-12-23,10.049305,0
2020-12-24,10.130255,0
2020-12-25,21.275826,1
2020-12-26,6.24896,0
2020-12-27,25.627096,1
2020-12-28,-1.2360388,0
2020-12-29,16.576181,1
2020-12-30,14.6787195,1
2020-12-31,18.4251,1
2021-01-01,11.440944,0
2021-01-02,10.020899,0
2021-01-03,18.136957,1
2021-01-04,10.494673,0
2021-01-05,4.5600586,0
2021-01-06,0.73000354,0
2021-01-07,9.943304,0
2021-01-08,7.872934,0
2021-01-09,19.770079,1
2021-01-10,7.0711365,0
2021-01-11,11.687161,1
2021-01-12,33.853313,1
2021-01-13,15.072581,1
2021-01-14,7.339085,0
2021-01-15,3.2692966,0
2021-01-16,0.23342276,0
2021-01-17,16.27176,1
2021-01-18,0.20831546,0
2021-01-19,16.34429,1
2021-01-20,9.528047,0
2021-01-21,0.33921134,0
2021-01-22,1.7048908,0
2021-01-23,24.17474,1
2021-01-24,4.3723965,0
2021-01-25,12.66333,1
2021-01-26,6.863306,0
2021-01-27,8.170877,0
2021-01-28,1.8097831,0
2021-01-29,1.6539123,0
2021-01-30,3.1125932,0
2021-01-31,20.200449,1
2021-02-01,2.2098799,0
2021-02-02,8.641631,0
2021-02-03,7.761012,0
2021-02-04,5.3111925,0
2021-02-05,3.5757427,0
2021-02-06,1.3980244,0
2021-02-07,-5.1691437,0
2021-02-08,-4.2032595,0
2021-02-09,-2.2246094,0
2021-02-10,2.4984093,0
2021-02-11,1.4260358,0
2021-02-12,5.411467,0
2021-02-13,-2.4643786,0
2021-02-14,-1.0388746,0
2021-02-15,-0.17469999,0
2021-02-16,1.8139324,0
2021-02-17,10.228501,1
2021-02-18,3.9833229,0
2021-02-19,3.07278,0
2021-02-20,0.6355035,0
2021-02-21,2.3017445,0
2021-02-22,-5.337577,0
2021-02-23,1.8395197,0
2021-02-24,9.2137375,0
2021-02-25,20.796534,1
2021-02-26,4.624365,0
2021-02-27,28.588026,1
2021-02-28,5.275677,0
2021-03-01,3.001649,0
2021-03-02,5.7022233,0
2021-03-03,17.723259,1
2021-03-04,16.708054,1
2021-03-05,-6.9658346,0
2021-03-06,18.627548,1
2021-03-07,19.39409,1
2021-03-08,17.1971,1
2021-03-09,8.399568,0
2021-03-10,13.932163,1
2021-03-11,13.290077,1
2021-03-12,9.627644,0
2021-03-13,21.31971,1
2021-03-14,17.73437,1
2021-03-15,9.918155,0
2021-03-16,21.068354,1
2021-03-17,24.224,1
2021-03-18,11.763807,0
2021-03-19,8.915826,0
2021-03-20,15.222743,1
2021-03-21,15.45923,1
2021-03-22,12.008793,1
2021-03-23,25.878298,1
2021-03-24,11.980825,0
2021-03-25,23.147562,1
2021-03-26,7.8625855,0
2021-03-27,12.847392,1
2021-03-28,17.359268,1
2021-03-29,9.354207,0
2021-03-30,22.166903,1
2021-03-31,24.093458,1
2021-04-01,15.416999,1
2021-04-02,5.2537165,0
2021-04-03,26.828669,1
2021-04-04,13.762734,1
2021-04-05,1.9649854,0
2021-04-06,-0.8473163,0
2021-04-07,2.8403933,0
2021-04-08,24.226555,1
2021-04-09,6.2508674,0
2021-04-10,6.6060185,0
2021-04-11,9.870581,0
2021-04-12,19.62575,1
2021-04-13,7.332924,0
2021-04-14,1.7962402,0
2021-04-15,5.5598636,0
2021-04-16,0.64116263,0
2021-04-17,26.608913,1
2021-04-18,16.945961,1
2021-04-19,-0.83403033,0
2021-04-20,10.731059,1
2021-04-21,-0.12690727,0
2021-04-22,3.6388524,0
2021-04-23,25.654325,1
2021-04-24,4.246483,0
2021-04-25,16.37986,1
2021-04-26,1.7786162,0
2021-04-27,11.155901,0
2021-04-28,15.549275,1
2021-04-29,5.2696834,0
2021-04-30,26.238472,1
2021-05-01,13.600651,1
2021-05-02,18.785154,1
2021-05-03,8.156277,0
2021-05-04,6.137443,0
2021-05-05,11.267888,0
2021-05-06,27.2404,1
2021-05-07,13.384731,1
2021-05-08,10.310086,1
2021-05-09,10.980574,1
2021-05-10,11.069221,0
2021-05-11,6.5295925,0
2021-05-12,19.428387,1
2021-05-13,1.1402844,0
2021-05-14,11.199832,0
2021-05-15,19.047405,1
2021-05-16,2.134879,0
2021-05-17,11.521552,1
2021-05-18,32.97388,1
2021-05-19,23.353184,1
2021-05-20,5.717197,0
2021-05-21,1.7045937,0
2021-05-22,3.8117065,0
2021-05-23,0.7521896,0
2021-05-24,-1.6331755,0
2021-05-25,0.85393536,0
2021-05-26,-0.9463648,0
2021-05-27,10.868074,0
2021-05-28,19.05212,1
2021-05-29,4.901405,0
2021-05-30,6.1644645,0
2021-05-31,24.574427,1
2021-06-01,8.263585,0
2021-06-02,4.3788247,0
2021-06-03,1.1774985,0
2021-06-04,14.715208,1
2021-06-05,28.610619,1
2021-06-06,12.364598,1
2021-06-07,-0.26159126,0
2021-06-08,3.5850992,0
2021-06-09,4.390151,0
2021-06-10,9.494574,0
2021-06-11,2.6190372,0
2021-06-12,6.479022,0
2021-06-13,7.4764094,0
2021-06-14,3.716529,0
2021-06-15,4.470803,0
2021-06-16,27.42746,1
2021-06-17,6.2514415,0
2021-06-18,4.922263,0
2021-06-19,6.5044765,0
2021-06-20,2.242511,0
2021-06-21,38.468285,1
2021-06-22,10.571732,1
2021-06-23,27.211937,1
2021-06-24,3.8695407,0
2021-06-25,-3.7879498,0
2021-06-26,13.834355,1
2021-06-27,17.12123,1
2021-06-28,9.534932,0
2021-06-29,9.293749,0
2021-06-30,15.990791,1
2021-07-01,2.210206,0
2021-07-02,3.9277298,0
2021-07-03,7.3392034,0
2021-07-04,7.5504265,0
2021-07-05,16.603163,1
2021-07-06,31.331429,1
2021-07-07,30.914055,1
2021-07-08,-2.7356925,0
2021-07-09,0.84635186,0
2021-07-10,9.552796,0
2021-07-11,22.5632,1
2021-07-12,22.523005,1
2021-07-13,14.851861,1
2021-07-14,13.569166,1
2021-07-15,8.26798,0
2021-07-16,5.2033505,0
2021-07-17,0.46261853,0
2021-07-18,-2.3552697,0
2021-07-19,1.9235489,0
2021-07-20,4.0737996,0
2021-07-21,6.8492484,0
2021-07-22,5.3825026,0
2021-07-23,22.951176,1
2021-07-24,23.116798,1
2021-07-25,3.6941166,0
2021-07-26,-3.2433388,0
2021-07-27,1.7714545,0
2021-07-28,3.168313,0
2021-07-29,8.971839,0
2021-07-30,12.8264,0
2021-07-31,10.404975,0
2021-08-01,26.684986,1
2021-08-02,21.235937,1
2021-08-03,-1.5797155,0
2021-08-04,2.056699,0
2021-08-05,0.690551,0
2021-08-06,25.64454,1
2021-08-07,-0.08072281,0
2021-08-08,0.91176325,0
2021-08-09,14.048508,1
2021-08-10,12.098268,1
2021-08-11,17.224195,1
2021-08-12,13.268069,1
2021-08-13,4.941603,0
2021-08-14,15.982391,1
2021-08-15,21.062712,1
2021-08-16,9.539197,0
2021-08-17,17.13544,1
2021-08-18,37.610214,1
2021-08-19,30.948734,1
2021-08-20,31.843208,1
2021-08-21,5.3317814,0
2021-08-22,7.784795,0
2021-08-23,10.010383,0
2021-08-24,3.64965,0
2021-08-25,33.48428,1
2021-08-26,5.9528546,0
2021-08-27,2.5556335,0
2021-08-28,6.9247975,0
2021-08-29,3.5784147,0
2021-08-30,12.59244,1
2021-08-31,5.551352,0
2021-09-01,2.3967276,0
2021-09-02,30.396238,1
2021-09-03,5.785709,0
2021-09-04,0.01980121,0
2021-09-05,1.5814222,0
2021-09-06,-0.027013555,0
2021-09-07,7.850977,0
2021-09-08,12.894012,1
2021-09-09,22.91889,1
2021-09-10,6.683345,0
2021-09-11,12.000511,1
2021-09-12,6.8611116,0
2021-09-13,23.844755,1
2021-09-14,17.315771,1
2021-09-15,0.30043337,0
2021-09-16,-3.5736437,0
2021-09-17,-2.2609773,0
2021-09-18,14.045943,1
2021-09-19,28.900568,1
2021-09-20,28.121777,1
2021-09-21,-0.4611439,0
2021-09-22,-1.6436865,0
2021-09-23,5.5248294,0
2021-09-24,-3.387572,0
2021-09-25,2.655456,0
2021-09-26,13.749715,0
2021-09-27,21.21544,1
2021-09-28,14.530219,1
2021-09-29,14.111675,1
2021-09-30,20.530392,1
2021-10-01,10.512154,0
2021-10-02,27.473429,1
2021-10-03,-2.6559992,0
2021-10-04,-2.571712,0
2021-10-05,1.72742,0
2021-10-06,6.391457,0
2021-10-07,3.8500028,0
2021-10-08,11.71622,1
2021-10-09,3.932334,1
2021-10-10,1.4162959,0
2021-10-11,11.450505,1
2021-10-12,6.1708436,0
2021-10-13,10.349366,0
2021-10-14,2.6231701,0
2021-10-15,1.3816329,0
2021-10-16,1.9715854,0
2021-10-17,3.1502988,0
2021-10-18,18.626726,1
2021-10-19,14.197019,1
2021-10-20,7.1658783,0
2021-10-21,18.301922,1
2021-10-22,9.771823,1
2021-10-23,12.181312,0
2021-10-24,11.096554,0
2021-10-25,19.554445,1
2021-10-26,20.101366,1
2021-10-27,9.022626,0
2021-10-28,16.517302,1
2021-10-29,-2.3841171,0
2021-10-30,13.123673,1
2021-10-31,21.836592,1
2021-11-01,7.0232425,0
2021-11-02,17.039242,1
2021-11-03,13.230235,0
2021-11-04,28.175945,1
2021-11-05,14.243744,1
2021-11-06,20.698168,1
2021-11-07,14.201211,1
2021-11-08,37.874466,1
2021-11-09,32.096912,1
2021-11-10,1.1549665,0
2021-11-11,11.64931,0
2021-11-12,16.875534,1
2021-11-13,4.5143805,0
2021-11-14,3.4348063,0
2021-11-15,8.445637,0
2021-11-16,3.7472773,0
2021-11-17,3.8259106,0
2021-11-18,25.734976,1
2021-11-19,7.283138,0
2021-11-20,22.587894,1
2021-11-21,11.674894,1
2021-11-22,9.934817,0
2021-11-23,0.80059457,0
2021-11-24,24.424467,1
2021-11-25,4.7706804,0
2021-11-26,5.138986,0
2021-11-27,3.4012103,0
2021-11-28,5.612633,0
2021-11-29,12.373214,1
2021-11-30,3.40449,0
2021-12-01,20.18757,1
2021-12-02,12.273044,0
2021-12-03,42.09522,1
2021-12-04,0.23484951,0
2021-12-05,7.7116184,0
2021-12-06,14.275412,1
2021-12-07,0.8898643,0
2021-12-08,2.301135,0
2021-12-09,6.999719,0
2021-12-10,13.939487,1
2021-12-11,28.453081,1
2021-12-12,11.284432,0
2021-12-13,16.698908,1
2021-12-14,22.238579,1
2021-12-15,13.1611395,0
2021-12-16,14.059062,0
2021-12-17,16.90572,1
2021-12-18,27.786514,1
2021-12-19,43.80505,1
2021-12-20,28.58574,1
2021-12-21,2.867877,0
2021-12-22,12.249805,0
2021-12-23,14.444524,1
2021-12-24,16.298615,1
2021-12-25,4.2684355,0
2021-12-26,0.57229906,0
2021-12-27,5.3828835,0
2021-12-28,13.134193,0
2021-12-29,5.267055,0
2021-12-30,4.10946,0
2021-12-31,6.3275146,0
2022-01-01,20.16093,1
2022-01-02,20.816877,1
2022-01-03,30.66884,1
2022-01-04,7.4488726,0
2022-01-05,-1.2143078,0
2022-01-06,5.0160365,0
2022-01-07,16.361471,1
2022-01-08,4.963903,0
2022-01-09,21.855375,1
2022-01-10,16.597322,1
2022-01-11,36.54238,1
2022-01-12,3.0335162,0
2022-01-13,4.0219746,0
2022-01-14,7.955115,0
2022-01-15,-0.2889543,0
2022-01-16,4.006148,0
2022-01-17,3.120978,0
2022-01-18,12.816101,0
2022-01-19,14.296833,1
2022-01-20,32.804985,1
2022-01-21,-1.0673529,0
2022-01-22,6.458052,0
2022-01-23,7.6227384,0
2022-01-24,6.801849,0
2022-01-25,9.681029,0
2022-01-26,6.8507233,0
2022-01-27,2.5702322,0
2022-01-28,3.0759044,0
2022-01-29,-1.4445024,0
2022-01-30,15.069167,1
2022-01-31,7.32267,0
2022-02-01,10.195422,0
2022-02-02,19.510214,1
2022-02-03,7.8222938,0
2022-02-04,21.659328,1
2022-02-05,13.078179,1
2022-02-06,32.612556,1
2022-02-07,6.1788197,0
2022-02-08,0.0131424125,0
2022-02-09,11.922605,1
2022-02-10,19.662376,1
2022-02-11,26.845194,1
2022-02-12,5.2350936,0
2022-02-13,-1.4705588,0
2022-02-14,9.595359,0
2022-02-15,-0.28345495,0
2022-02-16,17.738989,1
2022-02-17,14.738583,0
2022-02-18,4.197355,0
2022-02-19,0.4382562,0
2022-02-20,-0.3791867,0
2022-02-21,-4.8646774,0
2022-02-22,0.19646797,0
2022-02-23,18.673716,1
2022-02-24,4.550381,0
2022-02-25,6.1171703,0
2022-02-26,11.189569,1
2022-02-27,6.003715,0
2022-02-28,0.9692805,0
2022-03-01,25.426363,1
2022-03-02,14.477669,1
2022-03-03,3.626237,0
2022-03-04,13.493664,1
2022-03-05,-1.997588,0
2022-03-06,19.276642,1
2022-03-07,31.161978,1
2022-03-08,10.601452,0
2022-03-09,5.3373137,0
2022-03-10,10.511246,1
2022-03-11,22.030266,1
2022-03-12,2.741265,0
2022-03-13,8.950129,0
2022-03-14,10.4616785,0
2022-03-15,14.643557,0
2022-03-16,2.8983521,0
2022-03-17,17.37285,1
2022-03-18,30.012495,1
2022-03-19,29.35795,1
2022-03-20,5.7336736,0
2022-03-21,17.85785,1
2022-03-22,1.6459911,0
2022-03-23,-0.25888494,0
2022-03-24,0.23375687,0
2022-03-25,5.0199776,0
2022-03-26,1.7872503,0
2022-03-27,5.4716034,0
2022-03-28,2.6469157,0
2022-03-29,1.050611,0
2022-03-30,-0.37101626,0
2022-03-31,2.4601433,0
2022-04-01,0.6740503,0
2022-04-02,2.1357849,0
2022-04-03,4.82937,0
2022-04-04,4.4156394,0
2022-04-05,0.025174122,0
2022-04-06,3.3693411,0
2022-04-07,3.2348711,0
2022-04-08,16.828924,1
2022-04-09,3.3064158,0
2022-04-10,2.7289104,0
2022-04-11,7.1277432,0
2022-04-12,37.372623,1
2022-04-13,-3.9607768,0
2022-04-14,19.59603,0
2022-04-15,7.085026,0
2022-04-16,13.889737,0
2022-04-17,5.0202456,0
2022-04-18,8.0602665,0
2022-04-19,13.205373,1
2022-04-20,16.800865,1
2022-04-21,14.457812,1
2022-04-22,8.874524,0
2022-04-23,3.7103026,0
2022-04-24,11.179269,0
2022-04-25,12.41846,0
2022-04-26,17.730833,1
2022-04-27,6.585809,0
2022-04-28,11.321276,1
2022-04-29,7.0381255,0
2022-04-30,5.373516,0
2022-05-01,7.3761964,0
2022-05-02,17.007149,1
2022-05-03,30.257288,1
2022-05-04,7.46318,0
2022-05-05,8.081623,0
2022-05-06,24.208817,1
2022-05-07,12.0515375,0
2022-05-08,12.363623,0
2022-05-09,6.9215283,0
2022-05-10,-0.79753244,0
2022-05-11,10.031113,0
2022-05-12,35.480785,1
2022-05-13,10.286137,0
2022-05-14,3.2630894,0
2022-05-15,-0.35985324,0
2022-05-16,9.7034445,0
2022-05-17,29.735184,1
2022-05-18,4.659138,0
2022-05-19,5.801473,0
2022-05-20,-0.12448178,0
2022-05-21,1.5115148,0
2022-05-22,2.5061224,0
2022-05-23,19.24093,1
2022-05-24,9.771207,0
2022-05-25,10.660976,0
2022-05-26,26.338272,1
2022-05-27,1.139469,0
2022-05-28,4.1106486,0
2022-05-29,29.500414,1
2022-05-30,2.314772,0
2022-05-31,9.637559,0
2022-06-01,5.436469,0
2022-06-02,15.285426,1
2022-06-03,28.457115,1
2022-06-04,30.260098,1
2022-06-05,5.0184784,0
2022-06-06,2.8107638,0
2022-06-07,1.5515777,0
2022-06-08,1.2017714,0
2022-06-09,7.0165,0
2022-06-10,8.40305,0
2022-06-11,23.028193,1
2022-06-12,29.838846,1
2022-06-13,16.678825,1
2022-06-14,12.574611,1
2022-06-15,19.067099,1
2022-06-16,18.147247,1
2022-06-17,4.532221,0
2022-06-18,21.06134,1
2022-06-19,16.70393,1
2022-06-20,4.3389325,0
2022-06-21,7.40776,0
2022-06-22,8.157679,0
2022-06-23,12.67697,1
2022-06-24,22.869757,1
2022-06-25,11.394882,0
2022-06-26,8.463943,0
2022-06-27,2.8238046,0
2022-06-28,1.1145306,0
2022-06-29,43.26657,1
2022-06-30,32.191647,1
2022-07-01,11.6408205,0
2022-07-02,0.96873146,0
2022-07-03,7.561785,0
2022-07-04,1.2642307,0
2022-07-05,8.545851,0
2022-07-06,3.269051,0
2022-07-07,2.15013,0
2022-07-08,-1.9482043,0
2022-07-09,5.6415715,0
2022-07-10,6.0154514,0
2022-07-11,1.7652097,0
2022-07-12,9.538134,1
2022-07-13,20.625206,1
2022-07-14,2.3388438,0
2022-07-15,1.807653,0
2022-07-16,-2.4313717,0
2022-07-17,0.8060451,0
2022-07-18,4.4583855,0
2022-07-19,4.358704,0
2022-07-20,14.681884,1
2022-07-21,7.758371,0
2022-07-22,0.10961372,0
2022-07-23,11.781589,1
2022-07-24,10.933258,0
2022-07-25,25.947535,1
2022-07-26,42.82463,1
2022-07-27,16.378328,1
2022-07-28,8.498781,0
2022-07-29,0.11146489,0
2022-07-30,19.363949,1
2022-07-31,15.743855,1
2022-08-01,3.8170104,0
2022-08-02,3.8221588,0
2022-08-03,28.925268,1
2022-08-04,31.816013,1
2022-08-05,2.4271843,0
2022-08-06,7.61441,0
2022-08-07,7.4106684,0
2022-08-08,7.764428,0
2022-08-09,5.0566807,0
2022-08-10,-1.4655606,0
2022-08-11,1.50966,0
2022-08-12,5.1915026,0
2022-08-13,6.2874546,0
2022-08-14,16.055233,1
2022-08-15,1.4190618,0
2022-08-16,0.061233133,0
2022-08-17,-0.12237777,0
2022-08-18,1.3163254,0
2022-08-19,4.104239,0
2022-08-20,3.0043814,0
2022-08-21,23.425472,1
2022-08-22,31.781565,1
2022-08-23,3.864879,0
2022-08-24,26.927896,1
2022-08-25,6.2326226,0
2022-08-26,37.95118,1
2022-08-27,16.57387,1
2022-08-28,11.852914,0
2022-08-29,24.03002,1
2022-08-30,24.166931,1
2022-08-31,6.38936,0
2022-09-01,6.9460683,0
2022-09-02,27.139544,1
2022-09-03,10.284978,0
2022-09-04,4.1456485,0
2022-09-05,2.5876398,0
2022-09-06,1.5213295,0
2022-09-07,2.4614315,0
2022-09-08,3.8011906,0
2022-09-09,5.063192,0
2022-09-10,-0.3375507,0
2022-09-11,4.2022777,0
2022-09-12,5.377438,0
2022-09-13,1.4685152,0
2022-09-14,10.107291,1
2022-09-15,0.58392173,0
2022-09-16,1.2137417,0
2022-09-17,21.942343,1
2022-09-18,16.947367,1
2022-09-19,21.763006,1
2022-09-20,-0.47078264,0
2022-09-21,3.4738886,0
2022-09-22,16.610525,1
2022-09-23,24.868519,1
2022-09-24,-0.7553167,0
2022-09-25,5.798525,0
2022-09-26,3.3169756,0
2022-09-27,5.780506,0
2022-09-28,18.524538,1
2022-09-29,31.93653,1
2022-09-30,11.306236,0
2022-10-01,5.8195024,0
2022-10-02,9.096718,0
2022-10-03,30.748053,1
2022-10-04,11.953487,0
2022-10-05,20.69379,1
2022-10-06,29.447441,1
2022-10-07,3.418734,0
2022-10-08,12.773826,1
2022-10-09,0.5406639,0
2022-10-10,4.2136602,0
2022-10-11,7.9749923,0
2022-10-12,3.2410595,0
2022-10-13,9.126621,0
2022-10-14,4.74275,0
2022-10-15,26.117014,1
2022-10-16,26.58081,1
2022-10-17,35.55561,1
2022-10-18,-2.301517,0
2022-10-19,-7.65354,0
2022-10-20,6.4083323,0
2022-10-21,31.040035,1
2022-10-22,11.083551,0
2022-10-23,2.9610555,0
2022-10-24,17.959345,1
2022-10-25,3.9755366,0
2022-10-26,16.10675,1
2022-10-27,16.791954,1
2022-10-28,17.115887,1
2022-10-29,22.514841,1
2022-10-30,6.9774394,0
2022-10-31,28.032213,1
2022-11-01,6.508008,0
2022-11-02,6.722578,0
2022-11-03,1.8594388,0
2022-11-04,11.220361,1
2022-11-05,32.61421,1
2022-11-06,4.7890735,0
2022-11-07,6.6938686,0
2022-11-08,12.2854805,0
2022-11-09,6.113188,0
2022-11-10,22.107079,1
2022-11-11,24.245977,1
2022-11-12,25.899696,1
2022-11-13,19.349375,1
2022-11-14,24.131222,1
2022-11-15,19.737118,1
2022-11-16,33.27695,1
2022-11-17,21.356394,1
2022-11-18,35.409817,1
2022-11-19,12.097354,1
2022-11-20,29.669874,1
2022-11-21,4.1618595,0
2022-11-22,16.143503,1
2022-11-23,12.187915,1
2022-11-24,26.388348,1
2022-11-25,29.959974,1
2022-11-26,5.109821,0
2022-11-27,3.886647,0
2022-11-28,11.887568,0
2022-11-29,-0.7116056,0
2022-11-30,20.74741,1
2022-12-01,14.934776,1
2022-12-02,13.227171,0
2022-12-03,10.410461,0
2022-12-04,13.913139,0
2022-12-05,26.375433,1
2022-12-06,15.503095,1
2022-12-07,20.199188,1
2022-12-08,1.2247692,0
2022-12-09,10.624481,0
2022-12-10,9.332717,0
2022-12-11,29.772089,1
2022-12-12,37.023937,1
2022-12-13,17.578465,1
2022-12-14,28.431171,1
2022-12-15,28.205153,1
2022-12-16,3.0024996,0
2022-12-17,-3.5390935,0
2022-12-18,15.425485,1
2022-12-19,19.968689,1
2022-12-20,4.8471136,0
2022-12-21,2.926626,0
2022-12-22,11.36489,0
2022-12-23,10.218185,0
2022-12-24,-0.24746639,0
2022-12-25,-0.17688167,0
2022-12-26,1.3180501,0
2022-12-27,-1.72109,0
2022-12-28,6.876253,0
2022-12-29,18.994978,1
2022-12-30,7.7263393,0
2022-12-31,10.757206,0
2023-01-01,0.046981823,0
2023-01-02,0.8434027,0
2023-01-03,12.174687,1
2023-01-04,15.282023,1
2023-01-05,8.463007,0
2023-01-06,2.4908981,0
2023-01-07,14.426537,1
2023-01-08,14.314146,1
2023-01-09,14.310959,1
2023-01-10,4.5987453,0
2023-01-11,16.73621,1
2023-01-12,14.110073,1
2023-01-13,8.3121195,0
2023-01-14,6.2380147,0
2023-01-15,15.368908,1
2023-01-16,17.915876,1
2023-01-17,14.869661,1
2023-01-18,13.247644,0
2023-01-19,11.080375,0
2023-01-20,8.979159,0
2023-01-21,11.113338,0
2023-01-22,26.368593,1
2023-01-23,24.24281,1
2023-01-24,27.251171,1
2023-01-25,17.385069,1
2023-01-26,4.638899,0
2023-01-27,-1.4028419,0
2023-01-28,28.521862,1
2023-01-29,9.760047,0
2023-01-30,-0.5145046,0
2023-01-31,12.662647,0
2023-02-01,8.3829565,0
2023-02-02,4.5793967,0
2023-02-03,0.9264516,0
2023-02-04,-0.5977098,0
2023-02-05,6.8174925,0
2023-02-06,22.32653,1
2023-02-07,8.302453,0
2023-02-08,-1.0303113,0
2023-02-09,-0.76249474,0
2023-02-10,12.455951,1
2023-02-11,26.960089,1
2023-02-12,10.330017,0
2023-02-13,19.324469,1
2023-02-14,12.846592,1
2023-02-15,-1.9589068,0
2023-02-16,18.77205,1
2023-02-17,-1.79303,0
2023-02-18,-0.21677306,0
2023-02-19,1.5574265,0
2023-02-20,8.084125,0
2023-02-21,8.72928,0
2023-02-22,9.495014,0
2023-02-23,27.683796,1
2023-02-24,3.4556558,0
2023-02-25,4.604443,0
2023-02-26,-2.693569,0
2023-02-27,-0.19138762,0
2023-02-28,0.85273165,0
2023-03-01,23.571638,1
2023-03-02,19.87338,1
2023-03-03,5.5442204,0
2023-03-04,34.118294,1
2023-03-05,13.872442,1
2023-03-06,9.416183,0
2023-03-07,13.067608,0
2023-03-08,23.161993,1
2023-03-09,1.5494105,0
2023-03-10,25.889103,1
2023-03-11,17.019579,1
2023-03-12,21.03402,1
2023-03-13,17.447052,1
2023-03-14,23.702328,1
2023-03-15,11.566398,1
2023-03-16,12.219471,1
2023-03-17,1.6455377,0
2023-03-18,4.936383,0
2023-03-19,-0.68424886,0
2023-03-20,7.533247,0
2023-03-21,12.229653,1
2023-03-22,10.363747,1
2023-03-23,2.322027,0
2023-03-24,7.0887218,0
2023-03-25,12.415854,0
2023-03-26,10.517734,0
2023-03-27,7.0133843,0
2023-03-28,4.3811746,0
2023-03-29,13.816911,0
2023-03-30,3.9094236,0
2023-03-31,29.16851,1
2023-04-01,12.77385,0
2023-04-02,19.407372,1
2023-04-03,16.560545,1
2023-04-04,14.790871,1
2023-04-05,-1.0920899,0
2023-04-06,26.95815,1
2023-04-07,4.4948153,0
2023-04-08,8.694796,0
2023-04-09,11.594563,0
2023-04-10,18.737926,1
2023-04-11,15.257827,0
2023-04-12,3.8163033,0
2023-04-13,11.67267,0
2023-04-14,1.5206803,0
2023-04-15,1.907119,0
2023-04-16,6.373283,1
2023-04-17,7.8081527,1
2023-04-18,-0.6370368,0
2023-04-19,6.5956964,0
2023-04-20,8.481473,0
2023-04-21,5.2482114,0
2023-04-22,4.002451,0
2023-04-23,6.6708527,0
2023-04-24,25.294094,1
2023-04-25,3.8579593,0
2023-04-26,21.274368,1
2023-04-27,8.313109,0
2023-04-28,16.044876,1
2023-04-29,31.087576,1
2023-04-30,6.2847304,0
2023-05-01,12.695703,0
2023-05-02,1.9055208,0
2023-05-03,12.967959,1
2023-05-04,9.697981,0
2023-05-05,1.0155598,0
2023-05-06,8.499003,1
2023-05-07,19.203022,1
2023-05-08,25.507719,1
2023-05-09,29.298393,1
2023-05-10,0.31762305,0
2023-05-11,-4.4556646,0
2023-05-12,-4.5465956,0
2023-05-13,2.2663832,0
2023-05-14,1.8597277,0
2023-05-15,1.1702527,0
2023-05-16,4.653812,0
2023-05-17,0.30934516,0
2023-05-18,2.359227,0
2023-05-19,2.169382,0
2023-05-20,12.346741,1
2023-05-21,9.746203,0
2023-05-22,9.550066,0
2023-05-23,-1.7070616,0
2023-05-24,13.087554,1
2023-05-25,-0.54815257,0
2023-05-26,3.7186708,0
2023-05-27,4.15136,0
2023-05-28,5.000111,0
2023-05-29,5.3908715,0
2023-05-30,7.8848653,0
2023-05-31,-1.3140589,0
2023-06-01,6.755119,0
2023-06-02,6.1514893,0
2023-06-03,0.10265151,0
2023-06-04,6.040842,0
2023-06-05,15.480888,1
2023-06-06,5.9616966,0
2023-06-07,12.9438,0
2023-06-08,1.504558,0
2023-06-09,2.662995,0
2023-06-10,9.044714,0
2023-06-11,25.332537,1
2023-06-12,3.8965511,0
2023-06-13,-0.8382591,0
2023-06-14,-2.2783086,0
2023-06-15,-4.1417274,0
2023-06-16,3.8355274,0
2023-06-17,0.7941597,0
2023-06-18,9.336124,0
2023-06-19,1.8097177,0
2023-06-20,-1.4196479,0
2023-06-21,-1.1828597,0
2023-06-22,5.5418096,0
2023-06-23,3.8579512,0
2023-06-24,22.115276,1
2023-06-25,7.5853972,0
2023-06-26,8.0767975,0
2023-06-27,20.533424,1
2023-06-28,3.0944698,0
2023-06-29,13.363985,0
2023-06-30,13.002901,0
2023-07-01,40.833656,1
2023-07-02,11.150566,1
2023-07-03,5.6216836,0
2023-07-04,2.8496528,0
2023-07-05,3.4361694,0
2023-07-06,18.105455,1
2023-07-07,11.459325,0
2023-07-08,18.003733,1
2023-07-09,22.60765,1
2023-07-10,4.9895487,0
2023-07-11,30.133698,1
2023-07-12,4.5353823,0
2023-07-13,5.669146,0
2023-07-14,12.63759,1
2023-07-15,13.66853,1
2023-07-16,3.951841,0
2023-07-17,4.7489705,0
2023-07-18,14.912628,1
2023-07-19,10.906999,0
2023-07-20,28.175793,1
2023-07-21,19.089066,1
2023-07-22,4.1163754,0
2023-07-23,8.646717,0
2023-07-24,21.771448,1
2023-07-25,3.9780402,0
2023-07-26,6.8116927,0
2023-07-27,3.7829976,0
2023-07-28,3.450381,0
2023-07-29,4.9837866,0
2023-07-30,1.9725837,0
2023-07-31,13.919887,1
2023-08-01,11.636116,1
2023-08-02,29.985853,1
2023-08-03,11.755699,0
2023-08-04,4.285084,0
2023-08-05,2.6900802,0
2023-08-06,0.7710453,0
2023-08-07,9.81175,0
2023-08-08,9.318917,0
2023-08-09,12.936736,1
2023-08-10,17.172302,1
2023-08-11,26.520042,1
2023-08-12,8.410723,0
2023-08-13,11.350065,0
2023-08-14,13.545991,1
2023-08-15,39.03391,1
2023-08-16,4.0889482,0
2023-08-17,3.944999,0
2023-08-18,28.56801,1
2023-08-19,9.927565,0
2023-08-20,17.660242,1
2023-08-21,17.61295,1
2023-08-22,7.923666,0
2023-08-23,10.2549515,0
2023-08-24,2.5839334,0
2023-08-25,14.477372,1
2023-08-26,25.91857,1
2023-08-27,15.8165045,1
2023-08-28,3.8116424,0
2023-08-29,9.712981,0
2023-08-30,9.982609,0
2023-08-31,4.3537555,0
2023-09-01,17.731377,1
2023-09-02,34.279915,1
2023-09-03,2.617061,0
2023-09-04,11.523231,1
2023-09-05,5.94273,0
2023-09-06,22.418772,1
2023-09-07,30.455393,1
2023-09-08,-0.74500704,0
2023-09-09,13.586744,0
2023-09-10,31.221077,1
2023-09-11,13.416969,0
2023-09-12,5.608298,0
2023-09-13,13.186269,1
2023-09-14,9.822578,0
2023-09-15,10.230124,1
2023-09-16,16.548962,1
2023-09-17,13.924604,1
2023-09-18,27.414362,1
2023-09-19,13.755495,1
2023-09-20,17.536024,1
2023-09-21,32.399055,1
2023-09-22,9.896751,1
2023-09-23,12.307764,0
2023-09-24,7.192268,0
2023-09-25,15.479379,1
2023-09-26,8.511048,1
2023-09-27,8.750076,1
2023-09-28,10.687678,0
2023-09-29,4.504379,0
2023-09-30,23.518106,1
2023-10-01,9.889287,0
2023-10-02,6.6928844,0
2023-10-03,20.10069,1
2023-10-04,4.4612956,0
2023-10-05,10.898614,0
2023-10-06,6.227716,0
2023-10-07,7.6763024,0
2023-10-08,12.807891,1
2023-10-09,18.87818,1
2023-10-10,13.918722,1
2023-10-11,20.360788,1
2023-10-12,18.12241,1
2023-10-13,13.447737,1
2023-10-14,26.37662,1
2023-10-15,34.98354,1
2023-10-16,13.389601,1
2023-10-17,9.78087,0
2023-10-18,8.994998,1
2023-10-19,4.5802894,0
2023-10-20,21.77888,1
2023-10-21,22.695623,1
2023-10-22,13.4419565,0
2023-10-23,6.6865644,0
2023-10-24,24.626942,1
2023-10-25,28.043348,1
2023-10-26,18.03722,0
2023-10-27,7.679052,0
2023-10-28,20.888454,1
2023-10-29,9.895291,0
2023-10-30,20.81877,1
2023-10-31,19.994762,1
2023-11-01,22.317053,1
2023-11-02,12.996618,0
2023-11-03,10.981498,0
2023-11-04,17.798712,1
2023-11-05,17.595627,1
2023-11-06,15.911161,1
2023-11-07,18.847437,1
2023-11-08,19.081135,1
2023-11-09,8.835362,1
2023-11-10,13.068,1
2023-11-11,6.069303,0
2023-11-12,10.619829,0
2023-11-13,5.2868795,0
2023-11-14,14.235206,1
2023-11-15,12.338444,1
2023-11-16,7.4026246,0
2023-11-17,10.268666,0
2023-11-18,16.879604,1
2023-11-19,21.825016,1
2023-11-20,16.455496,1
2023-11-21,8.842882,0
2023-11-22,9.045867,0
2023-11-23,12.105278,0
2023-11-24,16.878868,1
2023-11-25,10.03928,0
2023-11-26,24.23561,1
2023-11-27,2.0134792,0
2023-11-28,1.7783412,0
2023-11-29,5.6201296,0
2023-11-30,16.439478,1
2023-12-01,25.395613,1
2023-12-02,12.092398,0
2023-12-03,24.704536,1
2023-12-04,36.346752,1
2023-12-05,2.8698745,0
2023-12-06,1.8360924,0
2023-12-07,20.981428,1
2023-12-08,24.131424,1
2023-12-09,4.9455566,0
2023-12-10,14.650686,1
2023-12-11,10.325005,1
2023-12-12,10.419596,0
2023-12-13,23.027628,1
2023-12-14,5.9734,0
2023-12-15,13.113622,0
2023-12-16,16.850195,1
2023-12-17,2.6334257,0
2023-12-18,13.977939,1
2023-12-19,26.400372,1
2023-12-20,2.9353764,0
2023-12-21,21.091078,1
2023-12-22,16.408163,1
2023-12-23,7.148829,0
2023-12-24,18.174074,1
2023-12-25,19.37984,1
2023-12-26,15.26472,1
2023-12-27,3.1905854,0
2023-12-28,1.0949434,0
2023-12-29,4.3079576,0
2023-12-30,14.201009,1
2023-12-31,16.115082,1
2024-01-01,13.208564,1
2024-01-02,6.215163,0
2024-01-03,10.428915,1
2024-01-04,20.752165,1
2024-01-05,13.787397,0
2024-01-06,23.675982,1
2024-01-07,22.166428,1
2024-01-08,8.547984,0
2024-01-09,6.212775,0
2024-01-10,11.014188,1
2024-01-11,27.562567,1
2024-01-12,12.951481,0
2024-01-13,9.529199,0
2024-01-14,6.513751,0
2024-01-15,10.196261,0
2024-01-16,12.799082,1
2024-01-17,7.628628,0
2024-01-18,27.887459,1
2024-01-19,13.5520735,1
2024-01-20,6.4793053,0
2024-01-21,8.2796955,0
2024-01-22,3.354811,0
2024-01-23,1.1256331,0
2024-01-24,2.588006,0
2024-01-25,10.599102,0
2024-01-26,6.687507,0
2024-01-27,-2.603464,0
2024-01-28,9.336769,0
2024-01-29,10.623532,1
2024-01-30,14.399458,1
2024-01-31,1.2457651,0
2024-02-01,6.2448215,0
2024-02-02,14.112478,1
2024-02-03,16.166035,1
2024-02-04,32.282402,1
2024-02-05,-6.927065,0
2024-02-06,2.352161,0
2024-02-07,4.924112,0
2024-02-08,9.591435,0
2024-02-09,14.12038,1
2024-02-10,16.425474,1
2024-02-11,12.280229,1
2024-02-12,-4.0205283,0
2024-02-13,-7.203989,0
2024-02-14,-8.945084,0
2024-02-15,-0.21167105,0
2024-02-16,9.541237,0
2024-02-17,10.8411875,1
2024-02-18,4.4886036,0
2024-02-19,14.113299,1
2024-02-20,12.797418,1
2024-02-21,14.520322,1
2024-02-22,3.9633324,1
2024-02-23,18.077606,1
2024-02-24,4.4295106,0
2024-02-25,17.824406,1
2024-02-26,16.254103,1
2024-02-27,1.3460778,0
2024-02-28,-3.216923,0
2024-02-29,1.4781783,0
2024-03-01,-1.1831828,0
2024-03-02,9.981798,1
2024-03-03,15.6007595,1
2024-03-04,16.531649,1
2024-03-05,5.517997,0
2024-03-06,17.103682,1
2024-03-07,13.752536,1
2024-03-08,30.155836,1
2024-03-09,22.926365,1
2024-03-10,28.01948,1
2024-03-11,16.601265,1
2024-03-12,10.590537,0
2024-03-13,18.43546,1
2024-03-14,1.3470467,0
2024-03-15,5.0045714,0
2024-03-16,5.9569163,0
2024-03-17,9.169132,0
2024-03-18,6.306909,0
2024-03-19,6.5523267,0
2024-03-20,12.008815,1
2024-03-21,6.6028914,0
2024-03-22,2.3787143,0
2024-03-23,6.476722,0
2024-03-24,11.318475,0
2024-03-25,14.218216,0
2024-03-26,8.16915,0
2024-03-27,12.846756,0
2024-03-28,12.426221,1
2024-03-29,3.726032,0
2024-03-30,11.319389,1
2024-03-31,15.384106,1
2024-04-01,17.34096,1
2024-04-02,23.44709,1
2024-04-03,6.6222687,0
2024-04-04,12.490157,0
2024-04-05,9.43087,0
2024-04-06,-7.496539,0
2024-04-07,6.5591793,0
2024-04-08,7.748741,0
2024-04-09,12.025783,1
2024-04-10,18.430412,1
2024-04-11,11.161199,0
2024-04-12,2.4940026,0
2024-04-13,4.772669,0
2024-04-14,11.94109,0
2024-04-15,-1.4768988,0
2024-04-16,9.212584,0
2024-04-17,22.220684,1
2024-04-18,6.985633,0
2024-04-19,8.4515295,0
2024-04-20,1.0292187,0
2024-04-21,11.586298,0
2024-04-22,-0.6649479,0
2024-04-23,13.536757,1
2024-04-24,6.6516294,0
2024-04-25,8.671078,0
2024-04-26,19.82024,1
2024-04-27,7.750827,0
2024-04-28,15.671241,1
2024-04-29,7.5510106,0
2024-04-30,8.684378,0
2024-05-01,20.505867,1
2024-05-02,12.262203,0
2024-05-03,15.479314,1
2024-05-04,12.283726,0
2024-05-05,8.940975,0
2024-05-06,18.435364,1
2024-05-07,12.9452715,0
2024-05-08,15.597759,1
2024-05-09,14.56841,1
2024-05-10,7.291167,0
2024-05-11,6.8976626,0
2024-05-12,10.750976,0
2024-05-13,9.981669,0
2024-05-14,9.054827,0
2024-05-15,12.165034,0
2024-05-16,8.2346,0
2024-05-17,11.680648,0
2024-05-18,11.431738,0
2024-05-19,12.147099,0
2024-05-20,6.954257,0
2024-05-21,10.073008,0
2024-05-22,10.838396,0
2024-05-23,10.356248,0
2024-05-24,7.2079744,0
2024-05-25,5.0349584,0
2024-05-26,11.128121,0
2024-05-27,9.185448,0
2024-05-28,8.314647,0
2024-05-29,7.7125106,0
2024-05-30,9.664066,0
2024-05-31,9.189807,0
2024-06-01,16.070131,1
2024-06-02,11.167591,0
2024-06-03,8.759417,0
2024-06-04,10.382645,0
2024-06-05,12.052816,0
2024-06-06,9.792495,0
2024-06-07,6.416985,0
2024-06-08,6.5202494,0
2024-06-09,6.982137,0
2024-06-10,6.07522,0
2024-06-11,8.565535,0
2024-06-12,11.667981,0
2024-06-13,10.279409,0
2024-06-14,5.8791094,0
2024-06-15,5.30551,0
2024-06-16,11.909201,0
2024-06-17,11.652084,0
2024-06-18,12.879414,0
2024-06-19,13.159767,0
2024-06-20,6.4836397,0
2024-06-21,9.541543,0
2024-06-22,11.348183,0
2024-06-23,12.3174715,0
2024-06-24,12.334918,0
2024-06-25,9.867811,0
2024-06-26,9.459384,0
2024-06-27,8.0430765,0
2024-06-28,6.333741,0
2024-06-29,10.462381,0
2024-06-30,12.465045,0
2024-07-01,8.099395,0
2024-07-02,7.4925895,0
2024-07-03,5.7932568,0
2024-07-04,5.590781,0
2024-07-05,9.3109045,0
2024-07-06,10.815705,0
2024-07-07,12.96095,0
2024-07-08,12.246074,0
2024-07-09,11.286944,0
2024-07-10,10.37956,0
2024-07-11,13.117759,0
2024-07-12,10.360964,0
2024-07-13,12.115526,0
2024-07-14,15.137044,1
2024-07-15,12.075064,0
2024-07-16,8.58205,0
2024-07-17,7.970834,0
2024-07-18,7.775734,0
2024-07-19,11.897958,0
2024-07-20,14.276152,1
2024-07-21,13.899445,0
2024-07-22,6.28799,0
2024-07-23,13.365923,1
2024-07-24,10.303364,0
2024-07-25,11.741352,0
2024-07-26,11.351285,0
2024-07-27,7.9137607,0
2024-07-28,8.162091,0
2024-07-29,10.62361,0
2024-07-30,8.93445,0
2024-07-31,11.015236,0
2024-08-01,15.905085,1
2024-08-02,12.453275,0
2024-08-03,9.969935,0
2024-08-04,11.306636,0
2024-08-05,10.755614,0
2024-08-06,9.934949,0
2024-08-07,6.490015,0
2024-08-08,9.764217,0
2024-08-09,12.801435,0
2024-08-10,8.812621,0
2024-08-11,8.522513,0
2024-08-12,14.395841,1
2024-08-13,9.905751,0
2024-08-14,12.801537,0
2024-08-15,13.732929,0
2024-08-16,6.2771673,0
2024-08-17,10.556068,0
2024-08-18,11.204066,0
2024-08-19,14.496083,1
2024-08-20,11.852432,0
2024-08-21,11.897354,0
2024-08-22,20.15943,1
2024-08-23,13.598285,1
2024-08-24,9.493239,0
2024-08-25,18.878244,1
2024-08-26,18.997063,1
2024-08-27,11.1495905,0
2024-08-28,8.484969,0
2024-08-29,10.164313,0
2024-08-30,12.689935,1
2024-08-31,8.653194,0
2024-09-01,10.120087,0
2024-09-02,17.266834,1
2024-09-03,7.2746444,0
2024-09-04,8.273892,0
2024-09-05,12.804599,1
2024-09-06,13.116234,0
2024-09-07,15.73029,1
2024-09-08,10.687417,0
2024-09-09,11.477931,0
2024-09-10,12.970068,0
2024-09-11,10.789417,0
2024-09-12,8.0387945,0
2024-09-13,10.4969635,0
2024-09-14,11.5167265,0
2024-09-15,9.086279,0
2024-09-16,7.1828527,0
2024-09-17,10.015883,0
2024-09-18,15.171965,1
2024-09-19,12.320032,0
2024-09-20,13.982736,1
2024-09-21,15.119138,1
2024-09-22,13.645324,1
2024-09-23,9.956088,0
2024-09-24,9.50423,0
2024-09-25,9.417418,0
2024-09-26,13.098486,1
2024-09-27,10.766227,0
2024-09-28,12.619602,1
2024-09-29,11.608665,0
2024-09-30,15.914427,1
2024-10-01,14.05812,1
2024-10-02,15.012554,1
2024-10-03,14.988508,1
2024-10-04,8.272874,0
2024-10-05,12.781426,0
2024-10-06,13.647609,1
2024-10-07,11.910112,0
2024-10-08,21.424849,1
2024-10-09,12.120075,0
2024-10-10,13.327809,1
2024-10-11,15.738131,1
2024-10-12,12.915432,0
2024-10-13,13.910757,1
2024-10-14,13.5108595,1
2024-10-15,15.015664,1
2024-10-16,13.87929,1
2024-10-17,15.670125,1
2024-10-18,15.330351,1
2024-10-19,7.2531633,0
2024-10-20,11.674654,0
2024-10-21,11.760253,0
2024-10-22,9.3672695,0
2024-10-23,9.994798,0
2024-10-24,14.090417,1
2024-10-25,15.996126,1
2024-10-26,12.439374,0
2024-10-27,10.210454,0
2024-10-28,13.212656,1
2024-10-29,11.905883,0
2024-10-30,14.747562,1
2024-10-31,18.515537,1
2024-11-01,13.506686,0
2024-11-02,13.753023,1
2024-11-03,15.201692,1
2024-11-04,20.2679,1
2024-11-05,15.998476,1
2024-11-06,13.675698,1
2024-11-07,12.311662,0
2024-11-08,19.537024,1
2024-11-09,18.25352,1
2024-11-10,12.510448,0
2024-11-11,14.502611,1
2024-11-12,16.428045,1
2024-11-13,15.985364,1
2024-11-14,14.980046,1
2024-11-15,16.914808,1
2024-11-16,14.173581,1
2024-11-17,14.359958,1
2024-11-18,15.265788,1
2024-11-19,12.839004,1
2024-11-20,19.475664,1
2024-11-21,11.886381,0
2024-11-22,17.378525,1
2024-11-23,17.96859,1
2024-11-24,18.529032,1
2024-11-25,14.700024,1
2024-11-26,16.545898,1
2024-11-27,15.777937,1
2024-11-28,14.146429,1
2024-11-29,16.825466,1
2024-11-30,15.918074,1
2024-12-01,16.969732,1
2024-12-02,19.280018,1
2024-12-03,16.653032,1
2024-12-04,17.026142,1
2024-12-05,14.1364,1
2024-12-06,11.681453,1
2024-12-07,11.684701,1
2024-12-08,13.008474,1
2024-12-09,9.895388,0
2024-12-10,15.277913,1
2024-12-11,19.373877,1
2024-12-12,18.499262,1
2024-12-13,15.333237,1
2024-12-14,15.311631,1
2024-12-15,13.175181,1
2024-12-16,12.301455,1
2024-12-17,12.455186,1
2024-12-18,13.836338,1
2024-12-19,19.040062,1
2024-12-20,13.652708,1
2024-12-21,9.522094,0
2024-12-22,11.217817,0
2024-12-23,13.481529,1
2024-12-24,11.761977,0
2024-12-25,13.070652,1
2024-12-26,13.635117,1
2024-12-27,12.180304,1
2024-12-28,8.454888,0
2024-12-29,10.617157,0
2024-12-30,9.865813,0
2024-12-31,13.111355,1
2025-01-01,13.258873,1
2025-01-02,11.784396,0
2025-01-03,11.152696,0
2025-01-04,15.4033375,1
2025-01-05,11.420916,0
2025-01-06,10.11468,0
2025-01-07,13.047375,1
2025-01-08,12.661862,1
2025-01-09,10.876495,0
2025-01-10,14.923649,1
2025-01-11,18.191856,1
2025-01-12,12.032205,0
2025-01-13,9.679574,0
2025-01-14,8.076873,0
2025-01-15,13.019091,1
2025-01-16,9.762396,0
2025-01-17,10.7729,0
2025-01-18,12.578017,0
2025-01-19,12.52357,0
2025-01-20,9.41933,0
2025-01-21,11.185473,0
2025-01-22,10.017857,0
2025-01-23,11.537147,0
2025-01-24,12.781203,0
2025-01-25,11.91517,0
2025-01-26,5.292418,0
2025-01-27,4.046286,0
2025-01-28,10.995385,0
2025-01-29,12.699925,1
2025-01-30,9.46599,0
2025-01-31,8.060146,0
2025-02-01,8.665011,0
2025-02-02,8.636496,0
2025-02-03,7.611708,0
2025-02-04,10.079794,0
2025-02-05,4.5470285,0
2025-02-06,11.368755,0
2025-02-07,10.695295,0
2025-02-08,11.301014,0
2025-02-09,7.5015593,0
2025-02-10,9.644724,0
2025-02-11,12.572134,0
2025-02-12,6.979318,0
2025-02-13,1.0868686,0
2025-02-14,3.1783383,0
2025-02-15,5.6639223,0
2025-02-16,9.822832,0
2025-02-17,7.472795,0
2025-02-18,5.040415,0
2025-02-19,8.879575,0
2025-02-20,6.506209,0
2025-02-21,6.0271373,0
2025-02-22,4.2145815,0
2025-02-23,8.2198,0
2025-02-24,6.8081303,0
2025-02-25,7.040556,0
2025-02-26,3.167232,0
2025-02-27,5.937047,0
2025-02-28,4.989015,0
2025-03-01,13.686234,1
2025-03-02,12.195063,1
2025-03-03,11.335763,0
2025-03-04,14.07565,1
2025-03-05,3.0528889,0
2025-03-06,18.458023,1
2025-03-07,16.773771,1
2025-03-08,12.590947,0
2025-03-09,10.367529,0
2025-03-10,17.250782,1
2025-03-11,12.919175,1
2025-03-12,9.909231,0
2025-03-13,8.04976,0
2025-03-14,8.741016,0
2025-03-15,8.736391,0
2025-03-16,9.755237,0
2025-03-17,8.115096,0
2025-03-18,8.71269,0
2025-03-19,11.796016,0
2025-03-20,13.740103,1
2025-03-21,11.892811,0
2025-03-22,7.4020963,0
2025-03-23,7.7166514,0
2025-03-24,8.039551,0
2025-03-25,13.175969,0
2025-03-26,8.633968,0
2025-03-27,11.485072,0
2025-03-28,9.774601,0
2025-03-29,10.291992,0
2025-03-30,9.444554,0
2025-03-31,9.894974,0
2025-04-01,12.016283,0
2025-04-02,15.178582,1
2025-04-03,12.67151,0
2025-04-04,9.909548,0
2025-04-05,6.936504,0
2025-04-06,13.082088,0
2025-04-07,10.87011,0
2025-04-08,11.284864,0
2025-04-09,12.872225,1
2025-04-10,11.624489,0
2025-04-11,13.402848,1
2025-04-12,12.729858,0
2025-04-13,12.532192,0
2025-04-14,9.496559,0
2025-04-15,8.375429,0
2025-04-16,11.8815365,0
2025-04-17,16.539692,1
2025-04-18,11.7596245,0
2025-04-19,10.139868,0
2025-04-20,10.881349,0
2025-04-21,9.977392,0
2025-04-22,8.11356,0
2025-04-23,12.696635,0
2025-04-24,13.496313,1
2025-04-25,13.63289,1
2025-04-26,12.902011,0
2025-04-27,13.218067,0
2025-04-28,11.416003,0
2025-04-29,10.425505,0
2025-04-30,10.608822,0
2025-05-01,13.127455,0
2025-05-02,11.088517,0
2025-05-03,14.580677,1
2025-05-04,11.616816,0
2025-05-05,8.370274,0
2025-05-06,17.744005,1
2025-05-07,12.45037,0
2025-05-08,15.181844,1
2025-05-09,14.267493,1
2025-05-10,7.1403995,0
2025-05-11,6.8810296,0
2025-05-12,10.831426,0
2025-05-13,10.087995,0
2025-05-14,9.191835,0
2025-05-15,12.354732,0
2025-05-16,8.374101,0
2025-05-17,11.878619,0
2025-05-18,11.605516,0
2025-05-19,12.313001,0
2025-05-20,7.051495,0
2025-05-21,10.159009,0
2025-05-22,10.90608,0
2025-05-23,10.405969,0
2025-05-24,7.2309504,0
2025-05-25,5.03563,0
2025-05-26,11.122377,0
2025-05-27,9.181914,0
2025-05-28,8.301614,0
2025-05-29,7.6957016,0
2025-05-30,9.649295,0
2025-05-31,9.189807,0
2025-06-01,16.070131,1
2025-06-02,11.167591,0
2025-06-03,8.759417,0
2025-06-04,10.382645,0
2025-06-05,12.052816,0
2025-06-06,9.792495,0
2025-06-07,6.416985,0
2025-06-08,6.5202494,0
2025-06-09,6.982137,0
2025-06-10,6.07522,0
2025-06-11,8.565535,0
2025-06-12,11.667981,0
2025-06-13,10.279409,0
2025-06-14,5.8791094,0
2025-06-15,5.30551,0
2025-06-16,11.909201,0
2025-06-17,11.652084,0
2025-06-18,12.879414,0
2025-06-19,13.159767,0
2025-06-20,6.4836397,0
2025-06-21,9.541543,0
2025-06-22,11.348183,0
2025-06-23,12.3174715,0
2025-06-24,12.334918,0
2025-06-25,9.867811,0
2025-06-26,9.459384,0
2025-06-27,8.0430765,0
2025-06-28,6.333741,0
2025-06-29,10.462381,0
2025-06-30,12.465045,0
2025-07-01,8.099395,0
2025-07-02,7.4925895,0
2025-07-03,5.7932568,0
2025-07-04,5.590781,0
2025-07-05,9.3109045,0
2025-07-06,10.815705,0
2025-07-07,12.96095,0
2025-07-08,12.246074,0
2025-07-09,11.286944,0
2025-07-10,10.37956,0
2025-07-11,13.117759,0
2025-07-12,10.360964,0
2025-07-13,12.115526,0
2025-07-14,15.137044,1
2025-07-15,12.075064,0
2025-07-16,8.58205,0
2025-07-17,7.970834,0
2025-07-18,7.775734,0
2025-07-19,11.897958,0
2025-07-20,14.276152,1
2025-07-21,13.899445,0
2025-07-22,6.28799,0
2025-07-23,13.365923,1
2025-07-24,10.303364,0
2025-07-25,11.741352,0
2025-07-26,11.351285,0
2025-07-27,7.9137607,0
2025-07-28,8.162091,0
2025-07-29,10.62361,0
2025-07-30,8.93445,0
2025-07-31,11.015236,0
2025-08-01,15.905085,1
2025-08-02,12.453275,0
2025-08-03,9.969935,0
2025-08-04,11.306636,0
2025-08-05,10.755614,0
2025-08-06,9.934949,0
2025-08-07,6.490015,0
2025-08-08,9.764217,0
2025-08-09,12.801435,0
2025-08-10,8.812621,0
2025-08-11,8.522513,0
2025-08-12,14.395841,1
2025-08-13,9.905751,0
2025-08-14,12.801537,0
2025-08-15,13.732929,0
2025-08-16,6.2771673,0
2025-08-17,10.556068,0
2025-08-18,11.204066,0
2025-08-19,14.496083,1
2025-08-20,11.852432,0
2025-08-21,11.897354,0
2025-08-22,20.15943,1
2025-08-23,13.598285,1
2025-08-24,9.493239,0
2025-08-25,18.878244,1
2025-08-26,18.997063,1
2025-08-27,11.1495905,0
2025-08-28,8.484969,0
2025-08-29,10.164313,0
2025-08-30,12.689935,1
2025-08-31,8.653194,0
2025-09-01,10.120087,0
2025-09-02,17.266834,1
2025-09-03,7.2746444,0
2025-09-04,8.273892,0
2025-09-05,12.804599,1
2025-09-06,13.116234,0
2025-09-07,15.73029,1
2025-09-08,10.687417,0
2025-09-09,11.477931,0
2025-09-10,12.970068,0
2025-09-11,10.789417,0
2025-09-12,8.0387945,0
2025-09-13,10.4969635,0
2025-09-14,11.5167265,0
2025-09-15,9.086279,0
2025-09-16,7.1828527,0
2025-09-17,10.015883,0
2025-09-18,15.171965,1
2025-09-19,12.320032,0
2025-09-20,13.982736,1
2025-09-21,15.119138,1
2025-09-22,13.645324,1
2025-09-23,9.956088,0
2025-09-24,9.50423,0
2025-09-25,9.417418,0
2025-09-26,13.098486,1
2025-09-27,10.766227,0
2025-09-28,12.619602,1
2025-09-29,11.608665,0
2025-09-30,15.914427,1
2025-10-01,14.05812,1
2025-10-02,15.012554,1
2025-10-03,14.988508,1
2025-10-04,8.272874,0
2025-10-05,12.781426,0
2025-10-06,13.647609,1
2025-10-07,11.910112,0
2025-10-08,21.424849,1
2025-10-09,12.120075,0
2025-10-10,13.327809,1
2025-10-11,15.738131,1
2025-10-12,12.915432,0
2025-10-13,13.910757,1
2025-10-14,13.5108595,1
2025-10-15,15.015664,1
2025-10-16,13.87929,1
2025-10-17,15.670125,1
2025-10-18,15.330351,1
2025-10-19,7.2531633,0
2025-10-20,11.674654,0
2025-10-21,11.760253,0
2025-10-22,9.3672695,0
2025-10-23,9.994798,0
2025-10-24,14.090417,1
2025-10-25,15.996126,1
2025-10-26,12.439374,0
2025-10-27,10.210454,0
2025-10-28,13.212656,1
